{
  "validation": {
    "rows": 5400,
    "arms": [
      "LBLOB16",
      "RIDGE-SCAT32",
      "SCAT16",
      "SCAT32-060",
      "SCAT32-SAFE"
    ],
    "csv_arm_values": [
      "RQL"
    ],
    "images": 24,
    "families": {
      "chirp": 4,
      "contour": 4,
      "glyph": 4,
      "maze": 4,
      "microtexture": 4,
      "spokes": 4
    },
    "dwells": [
      5.0,
      10.0,
      20.0,
      50.0,
      100.0,
      200.0,
      500.0,
      1000.0,
      2000.0
    ],
    "all_group_counts_5": true,
    "group_count_minmax": [
      5,
      5
    ],
    "all_seed_sets_0_to_4": true,
    "duplicate_cell_ids": 0,
    "nonfinite_psnr_rad": 0,
    "bad_shard_to_filename": 0,
    "optical_time_matches_M_nu_tau": true,
    "max_optical_time_abs_error": 9.974659986866641e-17,
    "audit_status_values": []
  },
  "family_order": [
    "chirp",
    "contour",
    "glyph",
    "maze",
    "microtexture",
    "spokes"
  ],
  "image_order": [
    "m1_chirp_0",
    "m1_chirp_1",
    "m1_chirp_2",
    "m1_chirp_3",
    "m1_contour_0",
    "m1_contour_1",
    "m1_contour_2",
    "m1_contour_3",
    "m1_glyph_0",
    "m1_glyph_1",
    "m1_glyph_2",
    "m1_glyph_3",
    "m1_maze_0",
    "m1_maze_1",
    "m1_maze_2",
    "m1_maze_3",
    "m1_microtexture_0",
    "m1_microtexture_1",
    "m1_microtexture_2",
    "m1_microtexture_3",
    "m1_spokes_0",
    "m1_spokes_1",
    "m1_spokes_2",
    "m1_spokes_3"
  ],
  "RIDGE_OPERATING": {
    "per_image_delta": {
      "m1_chirp_0": 2.36118,
      "m1_chirp_1": 1.2704200000000003,
      "m1_chirp_2": 1.0050199999999996,
      "m1_chirp_3": 1.5388399999999998,
      "m1_contour_0": -3.612180000000001,
      "m1_contour_1": -5.79446,
      "m1_contour_2": -4.738300000000001,
      "m1_contour_3": 4.151299999999999,
      "m1_glyph_0": 4.7343,
      "m1_glyph_1": 6.005160000000001,
      "m1_glyph_2": 2.4306599999999996,
      "m1_glyph_3": 2.21258,
      "m1_maze_0": 6.32974,
      "m1_maze_1": 6.436420000000001,
      "m1_maze_2": 5.583480000000001,
      "m1_maze_3": 6.408240000000001,
      "m1_microtexture_0": 1.5295200000000002,
      "m1_microtexture_1": 1.2526799999999998,
      "m1_microtexture_2": 1.525840000000001,
      "m1_microtexture_3": 1.4487599999999987,
      "m1_spokes_0": -0.76524,
      "m1_spokes_1": -5.08472,
      "m1_spokes_2": 4.530259999999999,
      "m1_spokes_3": 2.195
    },
    "median": 1.86692,
    "n_positive": 19,
    "bootstrap": {
      "tag13": {
        "lb2.5": 1.41348975,
        "median_of_bootstrap_medians": 1.868265,
        "mean_of_bootstrap_medians": 1.88781947,
        "min": 1.1953799999999994,
        "max": 4.227739999999999,
        "n_unique": 7267
      }
    }
  },
  "RIDGE_SPEED_optical_time": {
    "per_image_s_gate": {
      "m1_chirp_0": 17.80020264332746,
      "m1_chirp_1": 20.45972087286894,
      "m1_chirp_2": 18.43146768941798,
      "m1_chirp_3": 19.26164631681156,
      "m1_contour_0": 2.9406347979068683,
      "m1_contour_1": 0.0,
      "m1_contour_2": 0.0,
      "m1_contour_3": 18.784826464194364,
      "m1_glyph_0": 18.992439866480705,
      "m1_glyph_1": 21.50015506865851,
      "m1_glyph_2": 18.31275582718563,
      "m1_glyph_3": 20.593897434671184,
      "m1_maze_0": 21.4405433164537,
      "m1_maze_1": 26.814231104265964,
      "m1_maze_2": 26.844183295157023,
      "m1_maze_3": 29.012397929969485,
      "m1_microtexture_0": 18.14211379023442,
      "m1_microtexture_1": 1.0,
      "m1_microtexture_2": 18.01458982519933,
      "m1_microtexture_3": 15.355502924160017,
      "m1_spokes_0": 46.15082365983873,
      "m1_spokes_1": 20.38441004338325,
      "m1_spokes_2": 21.208912460562292,
      "m1_spokes_3": 22.034110816519803
    },
    "statuses": {
      "m1_chirp_0": "NORMAL",
      "m1_chirp_1": "NORMAL",
      "m1_chirp_2": "NORMAL",
      "m1_chirp_3": "NORMAL",
      "m1_contour_0": "NORMAL",
      "m1_contour_1": "FAST_RIGHT_CENSORED",
      "m1_contour_2": "FAST_RIGHT_CENSORED",
      "m1_contour_3": "NORMAL",
      "m1_glyph_0": "NORMAL",
      "m1_glyph_1": "NORMAL",
      "m1_glyph_2": "NORMAL",
      "m1_glyph_3": "NORMAL",
      "m1_maze_0": "NORMAL",
      "m1_maze_1": "NORMAL",
      "m1_maze_2": "NORMAL",
      "m1_maze_3": "NORMAL",
      "m1_microtexture_0": "NORMAL",
      "m1_microtexture_1": "SAFE_RANGE_UNINFORMATIVE",
      "m1_microtexture_2": "NORMAL",
      "m1_microtexture_3": "NORMAL",
      "m1_spokes_0": "NORMAL",
      "m1_spokes_1": "NORMAL",
      "m1_spokes_2": "NORMAL",
      "m1_spokes_3": "NORMAL"
    },
    "targets": {
      "m1_chirp_0": 6.9147940000000006,
      "m1_chirp_1": 7.38989,
      "m1_chirp_2": 7.261996,
      "m1_chirp_3": 7.404890000000001,
      "m1_contour_0": 9.099688,
      "m1_contour_1": 9.584149999999998,
      "m1_contour_2": 10.442378000000001,
      "m1_contour_3": 15.186056,
      "m1_glyph_0": 17.97096,
      "m1_glyph_1": 18.454511999999998,
      "m1_glyph_2": 9.343497999999999,
      "m1_glyph_3": 9.230493999999998,
      "m1_maze_0": 13.789081999999999,
      "m1_maze_1": 18.569958,
      "m1_maze_2": 15.161556000000001,
      "m1_maze_3": 15.054803999999999,
      "m1_microtexture_0": 14.435742000000001,
      "m1_microtexture_1": NaN,
      "m1_microtexture_2": 14.874426,
      "m1_microtexture_3": 15.629622,
      "m1_spokes_0": 7.989012,
      "m1_spokes_1": 9.191172,
      "m1_spokes_2": 11.20758,
      "m1_spokes_3": 8.462385999999999
    },
    "median": 19.127043091646133,
    "n_gt_1": 21,
    "bootstrap": {
      "tag14": {
        "lb2.5": 18.328492357080282,
        "median_of_bootstrap_medians": 19.35163240161379,
        "mean_of_bootstrap_medians": 19.408001993843286,
        "min": 17.57731588359275,
        "max": 21.916354602850546,
        "n_unique": 8083
      }
    }
  },
  "RIDGE_SPEED_nu_times_rho_diagnostic": {
    "per_image_s_gate": {
      "m1_chirp_0": 0.2092622162533673,
      "m1_chirp_1": 0.31004034454634954,
      "m1_chirp_2": 0.27886757116407174,
      "m1_chirp_3": 0.24887555556386273,
      "m1_contour_0": 0.01035106092221535,
      "m1_contour_1": 0.0,
      "m1_contour_2": 0.0,
      "m1_contour_3": 0.3052847682391263,
      "m1_glyph_0": 0.2294465567560087,
      "m1_glyph_1": 0.28024433693533163,
      "m1_glyph_2": 0.2477601214868459,
      "m1_glyph_3": 0.2733903221397004,
      "m1_maze_0": 0.29345792733633297,
      "m1_maze_1": 0.4140362514296814,
      "m1_maze_2": 0.42520169719335943,
      "m1_maze_3": 0.47481254847358995,
      "m1_microtexture_0": 0.18951162935383378,
      "m1_microtexture_1": 1.0,
      "m1_microtexture_2": 0.2045345672846258,
      "m1_microtexture_3": 0.15260493984785983,
      "m1_spokes_0": 1.4010201999413263,
      "m1_spokes_1": 0.2784261871840542,
      "m1_spokes_2": 0.2823173769646349,
      "m1_spokes_3": 0.31198909717809087
    },
    "statuses": {
      "m1_chirp_0": "NORMAL",
      "m1_chirp_1": "NORMAL",
      "m1_chirp_2": "NORMAL",
      "m1_chirp_3": "NORMAL",
      "m1_contour_0": "NORMAL",
      "m1_contour_1": "FAST_RIGHT_CENSORED",
      "m1_contour_2": "FAST_RIGHT_CENSORED",
      "m1_contour_3": "NORMAL",
      "m1_glyph_0": "NORMAL",
      "m1_glyph_1": "NORMAL",
      "m1_glyph_2": "NORMAL",
      "m1_glyph_3": "NORMAL",
      "m1_maze_0": "NORMAL",
      "m1_maze_1": "NORMAL",
      "m1_maze_2": "NORMAL",
      "m1_maze_3": "NORMAL",
      "m1_microtexture_0": "NORMAL",
      "m1_microtexture_1": "SAFE_RANGE_UNINFORMATIVE",
      "m1_microtexture_2": "NORMAL",
      "m1_microtexture_3": "NORMAL",
      "m1_spokes_0": "NORMAL",
      "m1_spokes_1": "NORMAL",
      "m1_spokes_2": "NORMAL",
      "m1_spokes_3": "NORMAL"
    },
    "median": 0.27864687917406294,
    "n_gt_1": 1,
    "bootstrap": {
      "tag14": {
        "lb2.5": 0.23974692258639926,
        "median_of_bootstrap_medians": 0.2755934515970494,
        "mean_of_bootstrap_medians": 0.27391798704151515,
        "min": 0.21072782512982874,
        "max": 0.33650890437104514,