{
  "5|GI": {
    "n": 24,
    "wall_mean_s": 0.125,
    "wall_max_s": 0.17,
    "select_mean_s": 0.0,
    "select_max_s": 0.0
  },
  "5|POISSON-LIN": {
    "n": 24,
    "wall_mean_s": 3.8475,
    "wall_max_s": 12.97,
    "select_mean_s": 3.8454166666666665,
    "select_max_s": 12.971
  },
  "5|PRECORRECT": {
    "n": 24,
    "wall_mean_s": 2.5812500000000003,
    "wall_max_s": 2.83,
    "select_mean_s": 2.5801250000000002,
    "select_max_s": 2.829
  },
  "5|RQL": {
    "n": 24,
    "wall_mean_s": 91.21125,
    "wall_max_s": 99.22,
    "select_mean_s": 91.20041666666667,
    "select_max_s": 99.111
  },
  "5|SAT-POISSON": {
    "n": 24,
    "wall_mean_s": 6.428333333333334,
    "wall_max_s": 15.91,
    "select_mean_s": 6.427416666666667,
    "select_max_s": 15.911
  },
  "10|GI": {
    "n": 24,
    "wall_mean_s": 0.12416666666666666,
    "wall_max_s": 0.16,
    "select_mean_s": 0.0,
    "select_max_s": 0.0
  },
  "10|POISSON-LIN": {
    "n": 24,
    "wall_mean_s": 8.921666666666667,
    "wall_max_s": 16.1,
    "select_mean_s": 8.919208333333332,
    "select_max_s": 16.099
  },
  "10|PRECORRECT": {
    "n": 24,
    "wall_mean_s": 2.6633333333333336,
    "wall_max_s": 2.98,
    "select_mean_s": 2.662625,
    "select_max_s": 2.984
  },
  "10|RQL": {
    "n": 24,
    "wall_mean_s": 97.90583333333332,
    "wall_max_s": 110.13,
    "select_mean_s": 97.89370833333332,
    "select_max_s": 110.129
  },
  "10|SAT-POISSON": {
    "n": 24,
    "wall_mean_s": 5.246666666666666,
    "wall_max_s": 7.11,
    "select_mean_s": 5.245458333333333,
    "select_max_s": 7.111
  },
  "20|GI": {
    "n": 24,
    "wall_mean_s": 0.12166666666666666,
    "wall_max_s": 0.16,
    "select_mean_s": 0.0,
    "select_max_s": 0.0
  },
  "20|POISSON-LIN": {
    "n": 24,
    "wall_mean_s": 8.202083333333333,
    "wall_max_s": 15.53,
    "select_mean_s": 8.201458333333333,
    "select_max_s": 15.525
  },
  "20|PRECORRECT": {
    "n": 24,
    "wall_mean_s": 2.6008333333333336,
    "wall_max_s": 2.93,
    "select_mean_s": 2.6007083333333334,
    "select_max_s": 2.926
  },
  "20|RQL": {
    "n": 24,
    "wall_mean_s": 97.96,
    "wall_max_s": 107.66,
    "select_mean_s": 97.95045833333334,
    "select_max_s": 107.655
  },
  "20|SAT-POISSON": {
    "n": 24,
    "wall_mean_s": 5.68625,
    "wall_max_s": 7.81,
    "select_mean_s": 5.684958333333333,
    "select_max_s": 7.805
  },
  "50|GI": {
    "n": 24,
    "wall_mean_s": 0.12583333333333332,
    "wall_max_s": 0.17,
    "select_mean_s": 0.0,
    "select_max_s": 0.0
  },
  "50|POISSON-LIN": {
    "n": 24,
    "wall_mean_s": 10.248333333333333,
    "wall_max_s": 17.68,
    "select_mean_s": 10.247416666666666,
    "select_max_s": 17.68
  },
  "50|PRECORRECT": {
    "n": 24,
    "wall_mean_s": 2.7254166666666664,
    "wall_max_s": 3.49,
    "select_mean_s": 2.724,
    "select_max_s": 3.484
  },
  "50|RQL": {
    "n": 24,
    "wall_mean_s": 103.58041666666668,
    "wall_max_s": 115.75,
    "select_mean_s": 103.56833333333334,
    "select_max_s": 115.755
  },
  "50|SAT-POISSON": {
    "n": 24,
    "wall_mean_s": 6.817083333333333,
    "wall_max_s": 10.99,
    "select_mean_s": 6.815041666666667,
    "select_max_s": 10.994
  },
  "100|GI": {
    "n": 24,
    "wall_mean_s": 0.12708333333333333,
    "wall_max_s": 0.15,
    "select_mean_s": 0.0,
    "select_max_s": 0.0
  },
  "100|POISSON-LIN": {
    "n": 24,
    "wall_mean_s": 10.88,
    "wall_max_s": 17.97,
    "select_mean_s": 10.878874999999999,
    "select_max_s": 17.965
  },
  "100|PRECORRECT": {
    "n": 24,
    "wall_mean_s": 2.643333333333333,
    "wall_max_s": 3.18,
    "select_mean_s": 2.6422083333333335,
    "select_max_s": 3.179
  },
  "100|RQL": {
    "n": 24,
    "wall_mean_s": 104.40250000000002,
    "wall_max_s": 120.24,
    "select_mean_s": 104.39158333333334,
    "select_max_s": 120.242
  },
  "100|SAT-POISSON": {
    "n": 24,
    "wall_mean_s": 7.2320833333333345,
    "wall_max_s": 10.96,
    "select_mean_s": 7.231041666666667,
    "select_max_s": 10.961
  },
  "200|GI": {
    "n": 24,
    "wall_mean_s": 0.12333333333333334,
    "wall_max_s": 0.15,
    "select_mean_s": 0.0,
    "select_max_s": 0.0
  },
  "200|POISSON-LIN": {
    "n": 24,
    "wall_mean_s": 11.695000000000002,
    "wall_max_s": 20.23,
    "select_mean_s": 11.694041666666665,
    "select_max_s": 20.228
  },
  "200|PRECORRECT": {
    "n": 24,
    "wall_mean_s": 2.5400000000000005,
    "wall_max_s": 2.82,
    "select_mean_s": 2.5385833333333334,
    "select_max_s": 2.818
  },
  "200|RQL": {
    "n": 24,
    "wall_mean_s": 106.07,
    "wall_max_s": 125.81,
    "select_mean_s": 106.05620833333334,
    "select_max_s": 125.631
  },
  "200|SAT-POISSON": {
    "n": 24,
    "wall_mean_s": 7.989999999999999,
    "wall_max_s": 10.41,
    "select_mean_s": 7.9887500000000005,
    "select_max_s": 10.405
  },
  "500|GI": {
    "n": 24,
    "wall_mean_s": 0.12166666666666666,
    "wall_max_s": 0.15,
    "select_mean_s": 0.0,
    "select_max_s": 0.0
  },
  "500|POISSON-LIN": {
    "n": 24,
    "wall_mean_s": 12.419166666666667,
    "wall_max_s": 18.04,
    "select_mean_s": 12.417916666666668,
    "select_max_s": 18.037
  },
  "500|PRECORRECT": {
    "n": 24,
    "wall_mean_s": 2.4816666666666665,
    "wall_max_s": 2.8,
    "select_mean_s": 2.479625,
    "select_max_s": 2.796
  },
  "500|RQL": {
    "n": 24,
    "wall_mean_s": 109.79166666666667,
    "wall_max_s": 131.88,
    "select_mean_s": 109.77945833333332,
    "select_max_s": 131.748
  },
  "500|SAT-POISSON": {
    "n": 24,
    "wall_mean_s": 8.53375,
    "wall_max_s": 14.89,
    "select_mean_s": 8.532958333333333,
    "select_max_s": 14.892
  },
  "1000|GI": {
    "n": 24,
    "wall_mean_s": 0.12291666666666667,
    "wall_max_s": 0.15,
    "select_mean_s": 0.0,
    "select_max_s": 0.0
  },
  "1000|POISSON-LIN": {
    "n": 24,
    "wall_mean_s": 12.820833333333333,
    "wall_max_s": 18.11,
    "select_mean_s": 12.819583333333332,
    "select_max_s": 18.111
  },
  "1000|PRECORRECT": {
    "n": 24,
    "wall_mean_s": 2.4541666666666666,
    "wall_max_s": 3.12,
    "select_mean_s": 2.452958333333333,
    "select_max_s": 3.114
  },
  "1000|RQL": {
    "n": 24,
    "wall_mean_s": 112.33166666666666,
    "wall_max_s": 136.39,
    "select_mean_s": 112.32058333333335,
    "select_max_s": 136.228
  },
  "1000|SAT-POISSON": {
    "n": 24,
    "wall_mean_s": 10.810416666666667,
    "wall_max_s": 13.54,
    "select_mean_s": 10.808583333333333,
    "select_max_s": 13.537
  },
  "2000|GI": {
    "n": 24,
    "wall_mean_s": 0.12125000000000001,
    "wall_max_s": 0.16,
    "select_mean_s": 0.0,
    "select_max_s": 0.0
  },
  "2000|POISSON-LIN": {
    "n": 24,
    "wall_mean_s": 12.8225,
    "wall_max_s": 17.67,
    "select_mean_s": 12.821291666666667,
    "select_max_s": 17.667
  },
  "2000|PRECORRECT": {
    "n": 24,
    "wall_mean_s": 2.4591666666666665,
    "wall_max_s": 3.3,
    "select_mean_s": 2.4593333333333334,
    "select_max_s": 3.298
  },
  "2000|RQL": {
    "n": 24,
    "wall_mean_s": 115.42875,
    "wall_max_s": 138.59,
    "select_mean_s": 115.41820833333334,
    "select_max_s": 138.594
  },
  "2000|SAT-POISSON": {
    "n": 24,
    "wall_mean_s": 10.275416666666667,
    "wall_max_s": 14.28,
    "select_mean_s": 10.273791666666666,
    "select_max_s": 14.278
  }
}