{
  "meta": {
    "utc": "2026-07-23 12:10:33Z",
    "merge_host_python": "3.11.5",
    "merge_host_numpy": "1.24.4",
    "frozen_stack": {
      "python": "3.12.13",
      "numpy": "2.0.2",
      "scipy": "1.16.3"
    },
    "n_rep_per_cell": 5000,
    "level": 0.95,
    "estimator": "joint_dual_ledger (frozen probe, verbatim)",
    "whittle": "dl_bar4_final (frozen probe, verbatim)",
    "status": "FROZEN calibration table; commit BEFORE opening confirmatory bank"
  },
  "cells": {
    "tc16_cv5_ph05": {
      "ckey": "tc16_cv5_ph05",
      "tc": 16.0,
      "cv": 0.05,
      "ph": 0.5,
      "c_0_95": 31.48000717163086,
      "n": 5000,
      "W_median": 2.2912858724594116,
      "W_p50_p90_p99": [
        2.2912858724594116,
        26.908991813659668,
        38.4934576034546
      ],
      "tc_hat_med": 15.775016090998744,
      "cv_hat_med": 0.049570201179668566,
      "runtime_s": 3193.556825399399
    },
    "tc32_cv5_ph20": {
      "ckey": "tc32_cv5_ph20",
      "tc": 32.0,
      "cv": 0.05,
      "ph": 2.0,
      "c_0_95": 22.77233123779297,
      "n": 5000,
      "W_median": 7.608666658401489,
      "W_p50_p90_p99": [
        7.608666658401489,
        18.906488609313964,
        31.330473423004168
      ],
      "tc_hat_med": 27.91534120462264,
      "cv_hat_med": 0.04908729196112488,
      "runtime_s": 3083.325241804123
    },
    "tc32_cv40_ph20": {
      "ckey": "tc32_cv40_ph20",
      "tc": 32.0,
      "cv": 0.4,
      "ph": 2.0,
      "c_0_95": 93.7681884765625,
      "n": 5000,
      "W_median": 44.68735313415527,
      "W_p50_p90_p99": [
        44.68735313415527,
        86.00030136108401,
        107.6026328277588
      ],
      "tc_hat_med": 35.40516737976813,
      "cv_hat_med": 0.41708481208515774,
      "runtime_s": 3042.8613831996918
    },
    "tc64_cv15_ph20": {
      "ckey": "tc64_cv15_ph20",
      "tc": 64.0,
      "cv": 0.15,
      "ph": 2.0,
      "c_0_95": 11.920605659484863,
      "n": 5000,
      "W_median": 2.563996195793152,
      "W_p50_p90_p99": [
        2.563996195793152,
        9.256153106689453,
        16.887129631042487
      ],
      "tc_hat_med": 58.601604631183164,
      "cv_hat_med": 0.1453988165234733,
      "runtime_s": 3124.7994492053986
    },
    "tc16_cv15_ph20": {
      "ckey": "tc16_cv15_ph20",
      "tc": 16.0,
      "cv": 0.15,
      "ph": 2.0,
      "c_0_95": 23.397472381591797,
      "n": 5000,
      "W_median": 4.714329719543457,
      "W_p50_p90_p99": [
        4.714329719543457,
        18.79888286590577,
        31.754154891967797
      ],
      "tc_hat_med": 15.994186466365782,
      "cv_hat_med": 0.14994807392154946,
      "runtime_s": 3013.683338165283
    },
    "tc32_cv15_ph05": {
      "ckey": "tc32_cv15_ph05",
      "tc": 32.0,
      "cv": 0.15,
      "ph": 0.5,
      "c_0_95": 15.956997871398926,
      "n": 5000,
      "W_median": 3.4006305932998657,
      "W_p50_p90_p99": [
        3.4006305932998657,
        13.298959350585939,
        21.797625274658227
      ],
      "tc_hat_med": 31.386925701886746,
      "cv_hat_med": 0.14858608057999048,
      "runtime_s": 3275.4278190135956
    },
    "tc64_cv5_ph05": {
      "ckey": "tc64_cv5_ph05",
      "tc": 64.0,
      "cv": 0.05,
      "ph": 0.5,
      "c_0_95": 25.270278930664062,
      "n": 5000,
      "W_median": 2.1829521656036377,
      "W_p50_p90_p99": [
        2.1829521656036377,
        18.83517532348634,
        34.040333747863784
      ],
      "tc_hat_med": 57.183577071696845,
      "cv_hat_med": 0.04765241335185383,
      "runtime_s": 3256.612873315811
    },
    "tc64_cv40_ph05": {
      "ckey": "tc64_cv40_ph05",
      "tc": 64.0,
      "cv": 0.4,
      "ph": 0.5,
      "c_0_95": 10.039116859436035,
      "n": 5000,
      "W_median": 1.8311554193496704,
      "W_p50_p90_p99": [
        1.8311554193496704,
        7.088748121261602,
        16.547031555175792
      ],
      "tc_hat_med": 66.72636754054943,
      "cv_hat_med": 0.40761723617701623,
      "runtime_s": 3214.7758355140686
    },
    "tc16_cv40_ph05": {
      "ckey": "tc16_cv40_ph05",
      "tc": 16.0,
      "cv": 0.4,
      "ph": 0.5,
      "c_0_95": 14.783330917358398,
      "n": 5000,
      "W_median": 2.1148561239242554,
      "W_p50_p90_p99": [
        2.1148561239242554,
        11.469065475463868,
        22.343422889709476
      ],
      "tc_hat_med": 18.587114658963685,
      "cv_hat_med": 0.4254229019967869,
      "runtime_s": 3154.9142258167267
    },
    "tc32_cv15_ph10": {
      "ckey": "tc32_cv15_ph10",
      "tc": 32.0,
      "cv": 0.15,
      "ph": 1.0,
      "c_0_95": 9.627921104431152,
      "n": 5000,
      "W_median": 2.7144336700439453,
      "W_p50_p90_p99": [
        2.7144336700439453,
        7.591932916641236,
        14.173818998336806
      ],
      "tc_hat_med": 30.961638981801656,
      "cv_hat_med": 0.14811900710118808,
      "runtime_s": 3188.564241886139
    },
    "tc64_cv5_ph10": {
      "ckey": "tc64_cv5_ph10",
      "tc": 64.0,
      "cv": 0.05,
      "ph": 1.0,
      "c_0_95": 33.63058090209961,
      "n": 5000,
      "W_median": 2.9141894578933716,
      "W_p50_p90_p99": [
        2.9141894578933716,
        28.49420337677004,
        43.37340652465821
      ],
      "tc_hat_med": 50.699146095532825,
      "cv_hat_med": 0.048321352716898906,
      "runtime_s": 3259.40207362175
    },
    "tc64_cv40_ph10": {
      "ckey": "tc64_cv40_ph10",
      "tc": 64.0,
      "cv": 0.4,
      "ph": 1.0,
      "c_0_95": 44.076114654541016,
      "n": 5000,
      "W_median": 4.8776397705078125,
      "W_p50_p90_p99": [
        4.8776397705078125,
        35.4492267608643,
        58.47102573394777
      ],
      "tc_hat_med": 66.26014977641353,
      "cv_hat_med": 0.4086982917806812,
      "runtime_s": 3230.3267374038696
    },
    "tc16_cv40_ph10": {
      "ckey": "tc16_cv40_ph10",
      "tc": 16.0,
      "cv": 0.4,
      "ph": 1.0,
      "c_0_95": 40.80020523071289,
      "n": 5000,
      "W_median": 11.525256633758545,
      "W_p50_p90_p99": [
        11.525256633758545,
        35.540886688232426,
        50.661442222595234
      ],
      "tc_hat_med": 18.460592472987425,
      "cv_hat_med": 0.423915676079552,
      "runtime_s": 3076.541897535324
    },
    "tc32_cv15_ph20": {
      "ckey": "tc32_cv15_ph20",
      "tc": 32.0,
      "cv": 0.15,
      "ph": 2.0,
      "c_0_95": 27.12989616394043,
      "n": 5000,
      "W_median": 3.8530322313308716,
      "W_p50_p90_p99": [
        3.8530322313308716,
        21.275007247924812,
        35.42655559539797
      ],
      "tc_hat_med": 31.038809811535945,
      "cv_hat_med": 0.14858217531662732,
      "runtime_s": 3119.752871990204
    },
    "tc64_cv5_ph20": {
      "ckey": "tc64_cv5_ph20",
      "tc": 64.0,
      "cv": 0.05,
      "ph": 2.0,
      "c_0_95": 39.17996597290039,
      "n": 5000,
      "W_median": 14.691469669342041,
      "W_p50_p90_p99": [
        14.691469669342041,
        34.873432922363286,
        45.05262683868413
      ],
      "tc_hat_med": 50.068938741605905,
      "cv_hat_med": 0.04821696941043352,
      "runtime_s": 3187.908459663391
    },
    "tc64_cv40_ph20": {
      "ckey": "tc64_cv40_ph20",
      "tc": 64.0,
      "cv": 0.4,
      "ph": 2.0,
      "c_0_95": 88.02972412109375,
      "n": 5000,
      "W_median": 24.96364974975586,
      "W_p50_p90_p99": [
        24.96364974975586,
        78.47299804687503,
        105.85585517883304
      ],
      "tc_hat_med": 66.56822539397854,
      "cv_hat_med": 0.40751332473366003,
      "runtime_s": 3184.9766807556152
    },
    "tc32_cv5_ph05": {
      "ckey": "tc32_cv5_ph05",
      "tc": 32.0,
      "cv": 0.05,
      "ph": 0.5,
      "c_0_95": 26.795764923095703,
      "n": 5000,
      "W_median": 2.858713984489441,
      "W_p50_p90_p99": [
        2.858713984489441,
        21.883221244812027,
        34.9336060333252
      ],
      "tc_hat_med": 30.646804769133944,
      "cv_hat_med": 0.048879425430087886,
      "runtime_s": 1582.4165108203888
    },
    "tc32_cv40_ph05": {
      "ckey": "tc32_cv40_ph05",