{
  "hyperparams": {
    "mave_default": {
      "n_anchor": 150,
      "n_loc": 400,
      "n_iter": 10,
      "ridge": 0.0001,
      "opg_n_anchor": 150,
      "opg_n_loc": 1500,
      "opg_ridge": 0.001,
      "bw_rule": "rmave h=1.06*std(u)*M^-0.2; opg h2=median(d2_local)"
    },
    "sensitivity_grid": {
      "bw_scale": [
        0.5,
        1.0,
        2.0
      ],
      "ridge_scale": [
        0.1,
        1.0,
        10.0
      ]
    },
    "selection_rule": "no truth anywhere; sensitivity worst config = lowest 8-image mean PSNR on seed 0, then rerun on seeds 1,2"
  },
  "mle_renewal": {
    "seed0": {
      "WHITEN-LW": {
        "nll_per_image": [
          -92897.94589021438,
          -92887.1169133958,
          -92889.13908733221,
          -93087.23562798962,
          -93076.05879157002,
          -92801.23858610482,
          -93006.4346061696,
          -93041.91556806471
        ],
        "grad_inf": 210.46059488208516,
        "converged": true,
        "n_iter": 71
      },
      "L-ISOTRON": {
        "nll_per_image": [
          -92897.94523137914,
          -92887.11172174483,
          -92889.13875208989,
          -93087.23383675063,
          -93076.05807229532,
          -92801.20971649837,
          -93006.43423171579,
          -93041.91226523131
        ],
        "grad_inf": 952.4414994275409,
        "converged": true,
        "n_iter": 63
      },
      "MAVE": {
        "nll_per_image": [
          -92897.83518433847,
          -92886.84863305668,
          -92889.06298054913,
          -93087.115663383,
          -93075.92290416775,
          -92800.97217238061,
          -93006.30976748558,
          -93041.73714043437
        ],
        "grad_inf": 8748.755016587604,
        "converged": true,
        "n_iter": 34
      },
      "best_start_per_image": [
        "WHITEN-LW",
        "WHITEN-LW",
        "WHITEN-LW",
        "WHITEN-LW",
        "WHITEN-LW",
        "WHITEN-LW",
        "WHITEN-LW",
        "WHITEN-LW"
      ]
    },
    "seed1": {
      "WHITEN-LW": {
        "nll_per_image": [
          -92975.06784314633,
          -93065.69715217208,
          -93034.71711165292,
          -93081.27006465812,
          -93019.5504518712,
          -92950.52683830773,
          -92785.3227642656,
          -92871.09621235573
        ],
        "grad_inf": 797.8686948604998,
        "converged": true,
        "n_iter": 68
      },
      "L-ISOTRON": {
        "nll_per_image": [
          -92975.06846698406,
          -93065.69951440675,
          -93034.71716429506,
          -93081.27049797983,
          -93019.55077847523,
          -92950.53426771407,
          -92785.32306045164,
          -92871.1315166194
        ],
        "grad_inf": 271.2700473959967,
        "converged": true,
        "n_iter": 55
      },
      "MAVE": {
        "nll_per_image": [
          -92975.06831981216,
          -93065.70205207505,
          -93034.71643200729,
          -93081.2707713603,
          -93019.55009883612,
          -92950.53359182872,
          -92785.32268225595,
          -92871.13783074515
        ],
        "grad_inf": 1205.0744986131335,
        "converged": true,
        "n_iter": 49
      },
      "best_start_per_image": [
        "L-ISOTRON",
        "MAVE",
        "L-ISOTRON",
        "MAVE",
        "L-ISOTRON",
        "L-ISOTRON",
        "L-ISOTRON",
        "MAVE"
      ]
    },
    "seed2": {
      "WHITEN-LW": {
        "nll_per_image": [
          -92806.03244081487,
          -92950.91598048329,
          -93022.0002691598,
          -93018.91653532069,
          -93043.80376845639,
          -92901.77439704163,
          -92785.53464199322,
          -92955.6243630075
        ],
        "grad_inf": 632.7431655888975,
        "converged": true,
        "n_iter": 77
      },
      "L-ISOTRON": {
        "nll_per_image": [
          -92806.03113386311,
          -92950.91026628051,
          -93022.00002078124,
          -93018.91526791971,
          -93043.80277667032,
          -92901.77045767826,
          -92785.53359409365,
          -92955.62300832926
        ],
        "grad_inf": 458.6213276703925,
        "converged": true,
        "n_iter": 77
      },
      "MAVE": {
        "nll_per_image": [
          -92806.03128700618,
          -92950.91330118194,
          -93021.99930735004,
          -93018.9155813454,
          -93043.8025391443,
          -92901.77578347133,
          -92785.53336298958,
          -92955.62880296884
        ],
        "grad_inf": 177.5982894672993,
        "converged": true,
        "n_iter": 46
      },
      "best_start_per_image": [
        "WHITEN-LW",
        "WHITEN-LW",
        "WHITEN-LW",
        "WHITEN-LW",
        "WHITEN-LW",
        "MAVE",
        "WHITEN-LW",
        "MAVE"
      ]
    }
  },
  "likelihood_surface_check": {
    "alphas": [
      0.7,
      0.71,
      0.72,
      0.73,
      0.74,
      0.75,
      0.76,
      0.77,
      0.78,
      0.79,
      0.7999999999999999,
      0.8099999999999999,
      0.82,
      0.83,
      0.84,
      0.85,
      0.86,
      0.87,
      0.88,
      0.89,
      0.9,
      0.91,
      0.9199999999999999,
      0.9299999999999999,
      0.94,
      0.95,
      0.96,
      0.97,
      0.98,
      0.99,
      1.0,
      1.01,
      1.02,
      1.03,
      1.04,
      1.05,
      1.06,
      1.07,
      1.08,
      1.09,
      1.1,
      1.11,
      1.12,
      1.1300000000000001,
      1.1400000000000001,
      1.15,
      1.1600000000000001,
      1.17,
      1.1800000000000002,
      1.19,
      1.2000000000000002,
      1.21,
      1.2200000000000002,
      1.23,
      1.2400000000000002,
      1.25,
      1.26,
      1.27,
      1.28,
      1.29,
      1.3
    ],
    "exact_norm": [
      -396161.82050267106,
      -366900.4373757489,
      -339026.74245754885,
      -312502.4528088459,
      -287290.8481579331,
      -263356.68699253537,
      -240666.12820905328,
      -219186.6578832251,
      -198887.02076566746,
      -179737.15614112446,
      -161708.13772205537,
      -144772.11727583685,
      -128902.27171068905,
      -114072.75336875739,
      -100258.64329587627,
      -87435.90727663609,
      -75581.3544406797,
      -64672.5982618634,
      -54688.019786187,
      -45606.732937378445,
      -37408.55176083895,
      -30073.95947742782,
      -23584.079228401886,
      -17920.64640180398,
      -13065.982438811108,
      -9002.970026069615,
      -5715.029586934284,
      -3186.096990844817,
      -1400.6024058733728,
      -343.4502248032986,
      0.0,
      -356.04832684386565,
      -1397.8116196491337,
      -3111.909727764494,
      -5485.350340383617,
      -8505.514353087043,
      -12159.503330995103,
      -21632.58164463281,
      -53125.95695712531,
      -169467.52121195197,
      -366966.2277121705,
      -549158.3438603844,
      -642584.9983469535,
      -674802.6861474059,
      -683982.488566238,
      -685293.6105433328,
      -685293.6105433328,
      -685293.6105433328,
      -685293.6105433328,
      -685293.6105433328,
      -685293.6105433328,
      -685293.6105433328,
      -685293.6105433328,
      -685293.6105433328,
      -685293.6105433328,
      -685293.6105433328,
      -685293.6105433328,
      -685293.6105433328,
      -685293.6105433328,
      -685293.6105433328,
      -685293.6105433328
    ],