{
  "meta": {
    "exploratory": true,
    "preregistered": false,
    "utc": "2026-07-23 13:37:02Z",
    "python": "3.9.21",
    "torch": "2.1.0+cu121",
    "device": "cuda",
    "note": "E1(c) learned gain-path residual corrector over the analytic D_arith fix"
  },
  "cells": [
    {
      "tc": 16.0,
      "cv": 0.15,
      "psnr_Darith": 15.460024729857558,
      "psnr_corr": 15.088851578829273,
      "psnr_oracle": 18.77930148957657,
      "gain_dB": -0.37117315102828563,
      "corr_Darith": 0.9883001437788129,
      "corr_C": 0.9864746011001694,
      "rmse_Darith": 0.024252549633976196,
      "rmse_C": 0.02592663793340246
    },
    {
      "tc": 16.0,
      "cv": 0.4,
      "psnr_Darith": 10.983215369078486,
      "psnr_corr": 11.942789476076406,
      "psnr_oracle": 18.386282214748388,
      "gain_dB": 0.9595741069979198,
      "corr_Darith": 0.995972830927059,
      "corr_C": 0.9918738782943739,
      "rmse_Darith": 0.04196583364396461,
      "rmse_C": 0.05295554303498825
    },
    {
      "tc": 64.0,
      "cv": 0.15,
      "psnr_Darith": 17.188661643949022,
      "psnr_corr": 16.395100784506184,
      "psnr_oracle": 18.65731953278364,
      "gain_dB": -0.793560859442838,
      "corr_Darith": 0.9936773801537419,
      "corr_C": 0.9915089620339723,
      "rmse_Darith": 0.023999322354806906,
      "rmse_C": 0.02616218790558438
    },
    {
      "tc": 64.0,
      "cv": 0.4,
      "psnr_Darith": 14.230300950429871,
      "psnr_corr": 14.034525922691868,
      "psnr_oracle": 18.47766832664124,
      "gain_dB": -0.19577502773800326,
      "corr_Darith": 0.997721167452187,
      "corr_C": 0.9968929615650632,
      "rmse_Darith": 0.0499739196066826,
      "rmse_C": 0.05266942951005116
    }
  ]
}