{
  "meta": {
    "exploratory": true,
    "preregistered": false,
    "utc": "2026-07-23 13:56:24Z",
    "python": "3.9.21",
    "torch": "2.1.0+cu121",
    "device": "cuda",
    "note": "E2(c-e) learned temporal prior (smoother TCN + causal predictor TCN); true-scene z isolation",
    "classes": [
      "ou",
      "regime",
      "heavytail",
      "quasiper"
    ]
  },
  "rows": [
    {
      "cls": "ou",
      "n": 36,
      "psnr_ou": 20.376442409250192,
      "psnr_lp": 18.605453862789915,
      "psnr_or": 18.59666459668244,
      "dpsnr_lp_ou": -1.770988546460277,
      "corr_ou": 0.995265509304141,
      "corr_lp": 0.9945250332202412,
      "rmse_ou": 0.044503795554508056,
      "rmse_lp": 0.046209843455880764,
      "pass_ou": 0.9722222222222222,
      "pass_lp": 0.8888888888888888,
      "med_p_ou": 0.4723460989789327,
      "med_p_lp": 0.12711150102789986,
      "tauOU_relerr": 0.24501234082840345,
      "tauEMP_relerr": 0.19365034032950063,
      "cv_ou_relerr": 0.04684751020060343,
      "cv_emp_relerr": 0.04766694576820214
    },
    {
      "cls": "regime",
      "n": 36,
      "psnr_ou": 21.276405902095917,
      "psnr_lp": 18.334797036093192,
      "psnr_or": 18.63222293846463,
      "dpsnr_lp_ou": -2.941608866002724,
      "corr_ou": 0.997702239890808,
      "corr_lp": 0.9975050646821211,
      "rmse_ou": 0.023152170398180225,
      "rmse_lp": 0.023553462694014603,
      "pass_ou": 0.4444444444444444,
      "pass_lp": 0.8888888888888888,
      "med_p_ou": 0.004934369135000011,
      "med_p_lp": 0.20010657755123662,
      "tauOU_relerr": 0.25726559184582953,
      "tauEMP_relerr": 0.42993006954485097,
      "cv_ou_relerr": 0.03360761773310709,
      "cv_emp_relerr": 0.033698158148765506
    },
    {
      "cls": "heavytail",
      "n": 36,
      "psnr_ou": 20.809417340444224,
      "psnr_lp": 18.54793274244691,
      "psnr_or": 18.653718890622624,
      "dpsnr_lp_ou": -2.2614845979973133,
      "corr_ou": 0.9961130141584703,
      "corr_lp": 0.9953687808648106,
      "rmse_ou": 0.023520706031187638,
      "rmse_lp": 0.024644511250052403,
      "pass_ou": 1.0,
      "pass_lp": 0.75,
      "med_p_ou": 0.46746265886258787,
      "med_p_lp": 0.2599864256755773,
      "tauOU_relerr": 0.22013750177299096,
      "tauEMP_relerr": 0.3177603884488237,
      "cv_ou_relerr": 0.06552659472260708,
      "cv_emp_relerr": 0.07113229493514195
    },
    {
      "cls": "quasiper",
      "n": 36,
      "psnr_ou": 20.595012755421525,
      "psnr_lp": 19.279269810253666,
      "psnr_or": 18.828629112292425,
      "dpsnr_lp_ou": -1.3157429451678588,
      "corr_ou": 0.992960435050048,
      "corr_lp": 0.9916831761656569,
      "rmse_ou": 0.018259964995649233,
      "rmse_lp": 0.01981874863246807,
      "pass_ou": 0.5833333333333334,
      "pass_lp": 0.4166666666666667,
      "med_p_ou": 0.07266301407916247,
      "med_p_lp": 3.201658457316375e-05,
      "tauOU_relerr": 0.35188653534180186,
      "tauEMP_relerr": 0.063120229216304,
      "cv_ou_relerr": 0.027459290026054597,
      "cv_emp_relerr": 0.023000125862943883
    }
  ]
}