{
  "meta": {
    "exploratory": true,
    "preregistered": false,
    "utc": "2026-07-23 14:05:38Z",
    "python": "3.9.21",
    "torch": "2.1.0+cu121",
    "device": "cuda",
    "note": "E2 scene/gain channel in the honest recon loop (A2-scene z, no leak)"
  },
  "rows": [
    {
      "cls": "ou",
      "n": 36,
      "psnr_ou": 12.797912855168113,
      "psnr_lp": 12.725622103118452,
      "psnr_or": 18.64870177824321,
      "dpsnr": -0.07229075204966051,
      "rmse_ou": 0.055541707276380275,
      "rmse_lp": 0.05794068253623211,
      "corr_ou": 0.9929233296542017,
      "corr_lp": 0.9914925382488993
    },
    {
      "cls": "regime",
      "n": 36,
      "psnr_ou": 9.980435825020813,
      "psnr_lp": 12.444382860612322,
      "psnr_or": 18.583961769021915,
      "dpsnr": 2.4639470355915094,
      "rmse_ou": 0.03744531604549588,
      "rmse_lp": 0.034645316072396605,
      "corr_ou": 0.9933423338948535,
      "corr_lp": 0.9944844485166904
    },
    {
      "cls": "heavytail",
      "n": 36,
      "psnr_ou": 13.823243104002156,
      "psnr_lp": 13.74157370648279,
      "psnr_or": 18.769795015942606,
      "dpsnr": -0.08166939751936653,
      "rmse_ou": 0.027000168133797943,
      "rmse_lp": 0.03080584449448062,
      "corr_ou": 0.9913176232938867,
      "corr_lp": 0.9892274984414077
    },
    {
      "cls": "quasiper",
      "n": 36,
      "psnr_ou": 15.475672238193292,
      "psnr_lp": 14.554922467137589,
      "psnr_or": 18.77245555040362,
      "dpsnr": -0.9207497710557035,
      "rmse_ou": 0.021717355352802132,
      "rmse_lp": 0.02550984678641082,
      "corr_ou": 0.9900077333997493,
      "corr_lp": 0.9874473543195672
    }
  ]
}