{
  "meta": {
    "exploratory": true,
    "tc": 16.0,
    "cv": 0.4,
    "seeds": [
      0,
      1,
      2
    ],
    "crb": {
      "sd_tc_rel": 0.12900990905102325,
      "sd_cv_rel": 0.06254066628175418,
      "sd_phi": 0.007574599612181854
    },
    "utc": "2026-07-23 14:04:02Z"
  },
  "summary": {
    "floor": {
      "psnr": 6.1550513693429005,
      "rmse": 0.3955977867196564,
      "corr": 0.0,
      "tc": null,
      "cv": null
    },
    "D0": {
      "psnr": 8.79561103556236,
      "rmse": 0.28045305100080326,
      "corr": 0.9957804500484383,
      "tc": 19.31989603618096,
      "cv": 0.43009989522933023
    },
    "D_arith": {
      "psnr": 10.983215369078486,
      "rmse": 0.04196583364396461,
      "corr": 0.995972830927059,
      "tc": 19.33066960766919,
      "cv": 0.4301697729654186
    },
    "D_arith+corr": {
      "psnr": 11.942789476076406,
      "rmse": 0.05295554303498825,
      "corr": 0.9918738782943739,
      "tc": 16.3667325523668,
      "cv": 0.4017373620147876
    },
    "SCGI": {
      "psnr": 12.276869562586405,
      "rmse": 0.09454196130935083,
      "corr": 0.9953065852887425,
      "tc": 16.552340768462145,
      "cv": 0.3948067189991619
    },
    "oracle": {
      "psnr": 18.386282214748388,
      "rmse": 0.0,
      "corr": 1.0,
      "tc": null,
      "cv": null
    }
  }
}