{
 "scene": "bridge_control_0",
 "group": "control",
 "arm": "RLMI",
 "nu": 2000.0,
 "c": 0.05,
 "seed": 0,
 "PSNR_rad": 29.775571738962814,
 "PSNR_flux": 30.551190419088986,
 "loads_main": {
  "q5": 0.46892339186342274,
  "q50": 0.9761987385329542,
  "q95": 1.614618937491531,
  "max": 2.5821706491038228,
  "mean": 0.999960398411266
 },
 "incident_main": 995327.9999999994,
 "incident_total": 1027276.7999999995,
 "detected_total": 979414,
 "detected_main": 941162,
 "lam_tv": 8.045104818862256,
 "recon_wall_s": 1.9102015999960713,
 "n_rows": 1024,
 "rlmi_disclosures": {
  "flag": "MIXTURE_MATERIALIZATION_FAIL",
  "w_star": [
   1.7240813043076696e-15,
   0.0,
   0.26285553506866516,
   3.782337885679052e-16,
   0.08484909165444338,
   0.34013734746727076,
   0.0,
   0.31215802580961866
  ],
  "w_realized": [
   1.0,
   0.0,
   0.0,
   0.0,
   0.0,
   0.0,
   0.0,
   0.0
  ],
  "alpha_s": [
   0.0,
   0.0,
   0.0,
   0.0,
   0.0,
   0.0,
   0.0,
   0.5012721625141217,
   0.0,
   0.0,
   0.49872783748587834,
   0.0,
   0.0,
   0.0,
   0.0,
   0.0
  ],
  "t_cont": 1.0006842175872348,
  "t_real": 6.489855270647615,
  "materialization_regret": 5.48917105306038,
  "A_cont": 0.9999999999999982,
  "A_realized": 0.0,
  "entropy_realized": 0.0,
  "active_banks_cont": [
   2,
   4,
   5,
   7
  ],
  "active_banks_realized": [
   0
  ],
  "active_scenarios": [
   7,
   10
  ],
  "lambda_kkt": 1.0006077561475477,
  "kkt_residual_cont": 2.7943247320243995e-10,
  "r_s": [
   1.0000240131578675,
   1.0000400002118182,
   1.0000651826023603,
   1.0001780137283751,
   1.0003626367404475,
   1.0001972324334707,
   1.0000264732643445,
   1.0006842175872348,
   1.0000302347840844,
   1.0000470840800695,
   1.0006842175872317,
   1.0000513443515489,
   1.0001699001270525,
   1.0000970538323228,
   1.0002086057047967,
   1.000042097063504
  ],
  "r_s_realized": [
   6.419893024159718,
   6.303552812346486,
   6.415238156580092,
   6.4041646625408495,
   6.334773533926774,
   6.279374861228183,
   6.349898250385221,
   6.340370488369973,
   6.1904014027319105,
   6.408482146884437,
   6.356637635313682,
   6.447272907181369,
   6.489855270647615,
   6.2952210722937,
   6.415032488253679,
   6.429054697611511
  ],
  "R_star": [
   0.6626777254343595,
   0.687290966447637,
   0.6674680209016817,
   0.6677857171568349,
   0.6864509531628626,
   0.6817267895553959,
   0.676786804810164,
   0.6651110316993449,
   0.683876265557379,
   0.6689665262590232,
   0.6809454696813242,
   0.6597816048017591,
   0.6598460995799201,
   0.674698501613695,
   0.6553544123952976,
   0.6635029822619782
  ],
  "branch": {
   "L0": {
    "violation": true,
    "n_beyond": 918,
    "frac_beyond": 0.9444444444444444,
    "rho_c": 5.686028566350414,
    "max_load": 24.169227574356416
   },
   "L1": {
    "violation": true,
    "n_beyond": 914,
    "frac_beyond": 0.892578125,
    "rho_c": 5.686028566350414,
    "max_load": 23.753395841587974
   },
   "L2": {
    "violation": true,
    "n_beyond": 799,
    "frac_beyond": 0.7802734375,
    "rho_c": 5.686028566350414,
    "max_load": 34.31448928481773
   },
   "L3": {
    "violation": true,
    "n_beyond": 902,
    "frac_beyond": 0.880859375,
    "rho_c": 5.686028566350414,
    "max_load": 28.011127511169647
   },
   "L4": {
    "violation": true,
    "n_beyond": 1719,
    "frac_beyond": 0.83935546875,
    "rho_c": 5.686028566350414,
    "max_load": 29.667492351209344
   },
   "L5": {
    "violation": true,
    "n_beyond": 840,
    "frac_beyond": 0.8203125,
    "rho_c": 5.686028566350414,
    "max_load": 32.18073675595022
   },
   "L6": {
    "violation": true,
    "n_beyond": 3505,
    "frac_beyond": 0.855712890625,
    "rho_c": 5.686028566350414,
    "max_load": 34.31448928481773
   },
   "L7": {
    "violation": true,
    "n_beyond": 2116,
    "frac_beyond": 0.23275767242327577,
    "rho_c": 5.686028566350414,
    "max_load": 182.02782986405086
   }
  },
  "eps1_m_U1": {
   "per_scenario": [
    {
     "eps_1": 0.14530327221645817,
     "eps_1_sq": 0.02111304091681014,
     "m": -0.0002503664178542646,
     "max_load": 19.08668258058872,
     "rho_c": 5.686028566350414,
     "n_beyond": 883,
     "on_branch": false,
     "U1_bound": null,
     "branch_status": "BRANCH_VIOLATION"
    },
    {
     "eps_1": 0.10613522102580919,
     "eps_1_sq": 0.01126468514219737,
     "m": -0.00015701575726261637,
     "max_load": 21.13965501893912,
     "rho_c": 5.686028566350414,
     "n_beyond": 918,
     "on_branch": false,
     "U1_bound": null,
     "branch_status": "BRANCH_VIOLATION"
    },
    {
     "eps_1": 0.13501652562472302,
     "eps_1_sq": 0.018229462191771486,
     "m": -0.0002631535007761447,
     "max_load": 19.732763795200583,
     "rho_c": 5.686028566350414,
     "n_beyond": 908,
     "on_branch": false,
     "U1_bound": null,
     "branch_status": "BRANCH_VIOLATION"
    },
    {
     "eps_1": 0.14669783477585116,
     "eps_1_sq": 0.021520254727922926,
     "m": -0.0001255960911331353,
     "max_load": 24.169227574356416,
     "rho_c": 5.686028566350414,
     "n_beyond": 898,
     "on_branch": false,
     "U1_bound": null,
     "branch_status": "BRANCH_VIOLATION"
    },
    {
     "eps_1": 0.1184716471911472,
     "eps_1_sq": 0.014035531188183657,
     "m": -0.0002381902761487478,
     "max_load": 20.541265712501623,
     "rho_c": 5.686028566350414,
     "n_beyond": 915,
     "on_branch": false,
     "U1_bound": null,
     "branch_status": "BRANCH_VIOLATION"
    },
    {
     "eps_1": 0.11599473450651787,
     "eps_1_sq": 0.013454778433237568,
     "m": -0.000273514912553697,
     "max_load": 20.041101969561062,
     "rho_c": 5.686028566350414,
     "n_beyond": 893,
     "on_branch": false,
     "U1_bound": null,
     "branch_status": "BRANCH_VIOLATION"
    },
    {
     "eps_1": 0.10887134686122707,
     "eps_1_sq": 0.011852970167377616,
     "m": -0.0001744987821759732,
     "max_load": 21.528007881892698,
     "rho_c": 5.686028566350414,
     "n_beyond": 906,
     "on_branch": false,
     "U1_bound": null,
     "branch_status": "BRANCH_VIOLATION"
    },
    {
     "eps_1": 0.16719983420272294,
     "eps_1_sq": 0.02795578455741804,
     "m": -0.0001649443598287044,
     "max_load": 19.83641236350327,
     "rho_c": 5.686028566350414,
     "n_beyond": 855,
     "on_branch": false,
     "U1_bound": null,
     "branch_status": "BRANCH_VIOLATION"
    },
    {
     "eps_1": 0.1123624529921586,
     "eps_1_sq": 0.012625320842415052,
     "m": -0.00014228301736388766,
     "max_load": 18.370297882040415,
     "rho_c": 5.686028566350414,
     "n_beyond": 891,
     "on_branch": false,
     "U1_bound": null,
     "branch_status": "BRANCH_VIOLATION"
    },
    {
     "eps_1": 0.1186337515322161,
     "eps_1_sq": 0.014073967002607586,
     "m": -0.0002526700436438122,
     "max_load": 20.389078591225235,
     "rho_c": 5.686028566350414,
     "n_beyond": 898,
     "on_branch": false,
     "U1_bound": null,
     "branch_status": "BRANCH_VIOLATION"
    },
    {
     "eps_1": 0.11853700402848551,
     "eps_1_sq": 0.01405102132404919,
     "m": -0.00017545176570410803,
     "max_load": 22.142658913378988,
     "rho_c": 5.686028566350414,
     "n_beyond": 904,
     "on_branch": false,
     "U1_bound": null,
     "branch_status": "BRANCH_VIOLATION"
    },
    {
     "eps_1": 0.15437908268066222,
     "eps_1_sq": 0.02383290116932274,
     "m": -0.0001498836400503014,
     "max_load": 18.77474797873329,
     "rho_c": 5.686028566350414,
     "n_beyond": 879,
     "on_branch": false,
     "U1_bound": null,
     "branch_status": "BRANCH_VIOLATION"
    },
    {
     "eps_1": 0.1454579817769485,
     "eps_1_sq": 0.021158024462623076,
     "m": -0.0002148837197004853,
     "max_load": 20.45336681655243,
     "rho_c": 5.686028566350414,
     "n_beyond": 895,
     "on_branch": false,
     "U1_bound": null,
     "branch_status": "BRANCH_VIOLATION"
    },
    {
     "eps_1": 0.16558147005656929,
     "eps_1_sq": 0.027417223226094547,
     "m": -0.00010300579032456451,