{
  "test": "IT6_segmented_bucket_p2",
  "ref": "internal divergence stranger #7",
  "params": {
    "M": 16,
    "n_bank": 700,
    "P": [
      1,
      4,
      16
    ],
    "cells": [
      "mid_z2_5mm",
      "near_contact_z2_1mm"
    ],
    "z1_mm": 10,
    "sample_floor_note": "P*M<=256 < n_bank=700 (well sampled)"
  },
  "decision": "exponent>=1.5 AND P=4 buys>=6x AND per-segment mean d' below cov d' = PASS",
  "cells": [
    {
      "geometry": "mid_z2_5mm",
      "z2_mm": 5.0,
      "rows": [
        {
          "change": "2pct",
          "cov_lam": {
            "1": 0.0005457947205194087,
            "4": 0.006435838494353139,
            "16": 0.05699241577762026
          },
          "mean_lam": {
            "1": 0.0003519352934517699,
            "4": 0.02100394336497797,
            "16": 0.1169310515201818
          },
          "mean_dp_over_cov_dp": {
            "1": 0.8030022195126884,
            "4": 1.8065411177233968,
            "16": 1.4323738855169466
          },
          "scaling_exponent_P": 1.677,
          "P4_buys": 11.792
        },
        {
          "change": "5pct",
          "cov_lam": {
            "1": 0.00283158120885379,
            "4": 0.03874506669317814,
            "16": 0.35234611085905865
          },
          "mean_lam": {
            "1": 0.0021995955840735594,
            "4": 0.13127464603111233,
            "16": 0.7308190720011363
          },
          "mean_dp_over_cov_dp": {
            "1": 0.8813672497794628,
            "4": 1.8406966485155611,
            "16": 1.440191340057225
          },
          "scaling_exponent_P": 1.74,
          "P4_buys": 13.683
        }
      ]
    },
    {
      "geometry": "near_contact_z2_1mm",
      "z2_mm": 1.0,
      "rows": [
        {
          "change": "2pct",
          "cov_lam": {
            "1": 3.843148330781579e-05,
            "4": 0.0005861969611296312,
            "16": 0.008816263987856558
          },
          "mean_lam": {
            "1": 0.00040596564922392884,
            "4": 0.07877561009312442,
            "16": 0.5004109623752946
          },
          "mean_dp_over_cov_dp": {
            "1": 3.250132528002393,
            "4": 11.592419968769548,
            "16": 7.5339219138833045
          },
          "scaling_exponent_P": 1.96,
          "P4_buys": 15.253
        },
        {
          "change": "5pct",
          "cov_lam": {
            "1": 0.00020055660897472512,
            "4": 0.003468611136720111,
            "16": 0.05396256485558856
          },
          "mean_lam": {
            "1": 0.002537285307649532,
            "4": 0.49234756308202776,
            "16": 3.127568514845592
          },
          "mean_dp_over_cov_dp": {
            "1": 3.556855019799395,
            "4": 11.9140135381854,
            "16": 7.613022694131202
          },
          "scaling_exponent_P": 2.018,
          "P4_buys": 17.295
        }
      ]
    }
  ],
  "verdict": {
    "exponents": [
      1.677,
      1.74,
      1.96,
      2.018
    ],
    "P4_buys": [
      11.792,
      13.683,
      15.253,
      17.295
    ],
    "per_segment_leak_below_cov": false,
    "overall": "KILL -- segmentation floods the witness annulus with mean leak (per-segment mean d' >= cov d' at P=16)."
  },
  "elapsed_s": 360.6
}