{
  "route": 4,
  "stack": {
    "python": "3.12.13",
    "numpy": "2.0.2",
    "scipy": "1.16.3"
  },
  "cells": {
    "tc32_cv5_ph05": {
      "ckey": "tc32_cv5_ph05",
      "tc": 32.0,
      "cv": 0.05,
      "ph": 0.5,
      "c_0_95": 26.795764923095703,
      "n": 5000,
      "W_median": 2.858713984489441,
      "W_p50_p90_p99": [
        2.858713984489441,
        21.883221244812027,
        34.9336060333252
      ],
      "tc_hat_med": 30.646804769133944,
      "cv_hat_med": 0.048879425430087886,
      "runtime_s": 1582.4165108203888
    },
    "tc32_cv40_ph05": {
      "ckey": "tc32_cv40_ph05",
      "tc": 32.0,
      "cv": 0.4,
      "ph": 0.5,
      "c_0_95": 18.086395263671875,
      "n": 5000,
      "W_median": 3.8535672426223755,
      "W_p50_p90_p99": [
        3.8535672426223755,
        14.242817687988286,
        25.905472488403355
      ],
      "tc_hat_med": 35.339362091420966,
      "cv_hat_med": 0.4188390541446242,
      "runtime_s": 1530.4296958446503
    },
    "tc64_cv15_ph05": {
      "ckey": "tc64_cv15_ph05",
      "tc": 64.0,
      "cv": 0.15,
      "ph": 0.5,
      "c_0_95": 22.404571533203125,
      "n": 5000,
      "W_median": 2.709074378013611,
      "W_p50_p90_p99": [
        2.709074378013611,
        18.59318389892579,
        28.45810314178469
      ],
      "tc_hat_med": 59.695194714101945,
      "cv_hat_med": 0.14457361329228507,
      "runtime_s": 1584.0308327674866
    }
  }
}