{
  "route": 2,
  "stack": {
    "python": "3.12.13",
    "numpy": "2.0.2",
    "scipy": "1.16.3"
  },
  "cells": {
    "tc16_cv40_ph05": {
      "ckey": "tc16_cv40_ph05",
      "tc": 16.0,
      "cv": 0.4,
      "ph": 0.5,
      "c_0_95": 14.783330917358398,
      "n": 5000,
      "W_median": 2.1148561239242554,
      "W_p50_p90_p99": [
        2.1148561239242554,
        11.469065475463868,
        22.343422889709476
      ],
      "tc_hat_med": 18.587114658963685,
      "cv_hat_med": 0.4254229019967869,
      "runtime_s": 3154.9142258167267
    },
    "tc32_cv15_ph10": {
      "ckey": "tc32_cv15_ph10",
      "tc": 32.0,
      "cv": 0.15,
      "ph": 1.0,
      "c_0_95": 9.627921104431152,
      "n": 5000,
      "W_median": 2.7144336700439453,
      "W_p50_p90_p99": [
        2.7144336700439453,
        7.591932916641236,
        14.173818998336806
      ],
      "tc_hat_med": 30.961638981801656,
      "cv_hat_med": 0.14811900710118808,
      "runtime_s": 3188.564241886139
    },
    "tc64_cv5_ph10": {
      "ckey": "tc64_cv5_ph10",
      "tc": 64.0,
      "cv": 0.05,
      "ph": 1.0,
      "c_0_95": 33.63058090209961,
      "n": 5000,
      "W_median": 2.9141894578933716,
      "W_p50_p90_p99": [
        2.9141894578933716,
        28.49420337677004,
        43.37340652465821
      ],
      "tc_hat_med": 50.699146095532825,
      "cv_hat_med": 0.048321352716898906,
      "runtime_s": 3259.40207362175
    },
    "tc64_cv40_ph10": {
      "ckey": "tc64_cv40_ph10",
      "tc": 64.0,
      "cv": 0.4,
      "ph": 1.0,
      "c_0_95": 44.076114654541016,
      "n": 5000,
      "W_median": 4.8776397705078125,
      "W_p50_p90_p99": [
        4.8776397705078125,
        35.4492267608643,
        58.47102573394777
      ],
      "tc_hat_med": 66.26014977641353,
      "cv_hat_med": 0.4086982917806812,
      "runtime_s": 3230.3267374038696
    }
  }
}