{
  "route": 3,
  "stack": {
    "python": "3.12.13",
    "numpy": "2.0.2",
    "scipy": "1.16.3"
  },
  "cells": {
    "tc16_cv40_ph10": {
      "ckey": "tc16_cv40_ph10",
      "tc": 16.0,
      "cv": 0.4,
      "ph": 1.0,
      "c_0_95": 40.80020523071289,
      "n": 5000,
      "W_median": 11.525256633758545,
      "W_p50_p90_p99": [
        11.525256633758545,
        35.540886688232426,
        50.661442222595234
      ],
      "tc_hat_med": 18.460592472987425,
      "cv_hat_med": 0.423915676079552,
      "runtime_s": 3076.541897535324
    },
    "tc32_cv15_ph20": {
      "ckey": "tc32_cv15_ph20",
      "tc": 32.0,
      "cv": 0.15,
      "ph": 2.0,
      "c_0_95": 27.12989616394043,
      "n": 5000,
      "W_median": 3.8530322313308716,
      "W_p50_p90_p99": [
        3.8530322313308716,
        21.275007247924812,
        35.42655559539797
      ],
      "tc_hat_med": 31.038809811535945,
      "cv_hat_med": 0.14858217531662732,
      "runtime_s": 3119.752871990204
    },
    "tc64_cv5_ph20": {
      "ckey": "tc64_cv5_ph20",
      "tc": 64.0,
      "cv": 0.05,
      "ph": 2.0,
      "c_0_95": 39.17996597290039,
      "n": 5000,
      "W_median": 14.691469669342041,
      "W_p50_p90_p99": [
        14.691469669342041,
        34.873432922363286,
        45.05262683868413
      ],
      "tc_hat_med": 50.068938741605905,
      "cv_hat_med": 0.04821696941043352,
      "runtime_s": 3187.908459663391
    },
    "tc64_cv40_ph20": {
      "ckey": "tc64_cv40_ph20",
      "tc": 64.0,
      "cv": 0.4,
      "ph": 2.0,
      "c_0_95": 88.02972412109375,
      "n": 5000,
      "W_median": 24.96364974975586,
      "W_p50_p90_p99": [
        24.96364974975586,
        78.47299804687503,
        105.85585517883304
      ],
      "tc_hat_med": 66.56822539397854,
      "cv_hat_med": 0.40751332473366003,
      "runtime_s": 3184.9766807556152
    }
  }
}