{
  "route": 1,
  "stack": {
    "python": "3.12.13",
    "numpy": "2.0.2",
    "scipy": "1.16.3"
  },
  "cells": {
    "tc16_cv15_ph20": {
      "ckey": "tc16_cv15_ph20",
      "tc": 16.0,
      "cv": 0.15,
      "ph": 2.0,
      "c_0_95": 23.397472381591797,
      "n": 5000,
      "W_median": 4.714329719543457,
      "W_p50_p90_p99": [
        4.714329719543457,
        18.79888286590577,
        31.754154891967797
      ],
      "tc_hat_med": 15.994186466365782,
      "cv_hat_med": 0.14994807392154946,
      "runtime_s": 3013.683338165283
    },
    "tc32_cv15_ph05": {
      "ckey": "tc32_cv15_ph05",
      "tc": 32.0,
      "cv": 0.15,
      "ph": 0.5,
      "c_0_95": 15.956997871398926,
      "n": 5000,
      "W_median": 3.4006305932998657,
      "W_p50_p90_p99": [
        3.4006305932998657,
        13.298959350585939,
        21.797625274658227
      ],
      "tc_hat_med": 31.386925701886746,
      "cv_hat_med": 0.14858608057999048,
      "runtime_s": 3275.4278190135956
    },
    "tc64_cv5_ph05": {
      "ckey": "tc64_cv5_ph05",
      "tc": 64.0,
      "cv": 0.05,
      "ph": 0.5,
      "c_0_95": 25.270278930664062,
      "n": 5000,
      "W_median": 2.1829521656036377,
      "W_p50_p90_p99": [
        2.1829521656036377,
        18.83517532348634,
        34.040333747863784
      ],
      "tc_hat_med": 57.183577071696845,
      "cv_hat_med": 0.04765241335185383,
      "runtime_s": 3256.612873315811
    },
    "tc64_cv40_ph05": {
      "ckey": "tc64_cv40_ph05",
      "tc": 64.0,
      "cv": 0.4,
      "ph": 0.5,
      "c_0_95": 10.039116859436035,
      "n": 5000,
      "W_median": 1.8311554193496704,
      "W_p50_p90_p99": [
        1.8311554193496704,
        7.088748121261602,
        16.547031555175792
      ],
      "tc_hat_med": 66.72636754054943,
      "cv_hat_med": 0.40761723617701623,
      "runtime_s": 3214.7758355140686
    }
  }
}