{
  "route": "local",
  "stack": {
    "python": "3.12.13",
    "numpy": "2.0.2",
    "scipy": "1.16.3"
  },
  "cells": {
    "tc16_cv5_ph10": {
      "ckey": "tc16_cv5_ph10",
      "tc": 16.0,
      "cv": 0.05,
      "ph": 1.0,
      "c_0_95": 27.35080337524414,
      "n": 5000,
      "W_median": 8.567975997924805,
      "W_p50_p90_p99": [
        8.567975997924805,
        23.792955398559574,
        33.56905597686769
      ],
      "tc_hat_med": 14.986693143892188,
      "cv_hat_med": 0.049737869512536545,
      "runtime_s": 3157.20818066597
    },
    "tc16_cv5_ph20": {
      "ckey": "tc16_cv5_ph20",
      "tc": 16.0,
      "cv": 0.05,
      "ph": 2.0,
      "c_0_95": 21.112899780273438,
      "n": 5000,
      "W_median": 8.922136306762695,
      "W_p50_p90_p99": [
        8.922136306762695,
        17.615721893310557,
        27.971755352020278
      ],
      "tc_hat_med": 14.90415799487134,
      "cv_hat_med": 0.049923467638547686,
      "runtime_s": 3126.546319246292
    },
    "tc16_cv15_ph05": {
      "ckey": "tc16_cv15_ph05",
      "tc": 16.0,
      "cv": 0.15,
      "ph": 0.5,
      "c_0_95": 20.755687713623047,
      "n": 5000,
      "W_median": 7.11327052116394,
      "W_p50_p90_p99": [
        7.11327052116394,
        17.51245765686036,
        25.72280969619753
      ],
      "tc_hat_med": 16.014998897965423,
      "cv_hat_med": 0.14993948521327904,
      "runtime_s": 1604.8305320739746
    },
    "tc16_cv40_ph20": {
      "ckey": "tc16_cv40_ph20",
      "tc": 16.0,
      "cv": 0.4,
      "ph": 2.0,
      "c_0_95": 54.251285552978516,
      "n": 5000,
      "W_median": 25.066219329833984,
      "W_p50_p90_p99": [
        25.066219329833984,
        47.991884613037115,
        64.38894317626956
      ],
      "tc_hat_med": 18.49950758026798,
      "cv_hat_med": 0.4237663725927437,
      "runtime_s": 1479.86035323143
    },
    "tc16_cv15_ph10": {
      "ckey": "tc16_cv15_ph10",
      "tc": 16.0,
      "cv": 0.15,
      "ph": 1.0,
      "c_0_95": 14.719740867614746,
      "n": 5000,
      "W_median": 4.28094482421875,
      "W_p50_p90_p99": [
        4.28094482421875,
        12.027066421508792,
        19.07435960769654
      ],
      "tc_hat_med": 15.871803108630942,
      "cv_hat_med": 0.14997783054575486,
      "runtime_s": 3238.1692225933075
    }
  }
}