{
  "route": 5,
  "stack": {
    "python": "3.12.13",
    "numpy": "2.0.2",
    "scipy": "1.16.3"
  },
  "cells": {
    "tc32_cv5_ph10": {
      "ckey": "tc32_cv5_ph10",
      "tc": 32.0,
      "cv": 0.05,
      "ph": 1.0,
      "c_0_95": 26.641956329345703,
      "n": 5000,
      "W_median": 5.431063890457153,
      "W_p50_p90_p99": [
        5.431063890457153,
        22.501143455505378,
        32.82258571624758
      ],
      "tc_hat_med": 28.379974322289826,
      "cv_hat_med": 0.049294637250285,
      "runtime_s": 3261.1348826885223
    },
    "tc32_cv40_ph10": {
      "ckey": "tc32_cv40_ph10",
      "tc": 32.0,
      "cv": 0.4,
      "ph": 1.0,
      "c_0_95": 66.41997528076172,
      "n": 5000,
      "W_median": 16.40570831298828,
      "W_p50_p90_p99": [
        16.40570831298828,
        59.00524826049805,
        78.8451342010498
      ],
      "tc_hat_med": 35.52312532097308,
      "cv_hat_med": 0.4202955909667722,
      "runtime_s": 3146.058721780777
    },
    "tc64_cv15_ph10": {
      "ckey": "tc64_cv15_ph10",
      "tc": 64.0,
      "cv": 0.15,
      "ph": 1.0,
      "c_0_95": 17.865787506103516,
      "n": 5000,
      "W_median": 5.563411474227905,
      "W_p50_p90_p99": [
        5.563411474227905,
        14.90514841079712,
        24.01770784378052
      ],
      "tc_hat_med": 58.048045496561016,
      "cv_hat_med": 0.14447090156936684,
      "runtime_s": 3210.7270681858063
    }
  }
}