{
  "route": 0,
  "stack": {
    "python": "3.12.13",
    "numpy": "2.0.2",
    "scipy": "1.16.3"
  },
  "cells": {
    "tc16_cv5_ph05": {
      "ckey": "tc16_cv5_ph05",
      "tc": 16.0,
      "cv": 0.05,
      "ph": 0.5,
      "c_0_95": 31.48000717163086,
      "n": 5000,
      "W_median": 2.2912858724594116,
      "W_p50_p90_p99": [
        2.2912858724594116,
        26.908991813659668,
        38.4934576034546
      ],
      "tc_hat_med": 15.775016090998744,
      "cv_hat_med": 0.049570201179668566,
      "runtime_s": 3193.556825399399
    },
    "tc32_cv5_ph20": {
      "ckey": "tc32_cv5_ph20",
      "tc": 32.0,
      "cv": 0.05,
      "ph": 2.0,
      "c_0_95": 22.77233123779297,
      "n": 5000,
      "W_median": 7.608666658401489,
      "W_p50_p90_p99": [
        7.608666658401489,
        18.906488609313964,
        31.330473423004168
      ],
      "tc_hat_med": 27.91534120462264,
      "cv_hat_med": 0.04908729196112488,
      "runtime_s": 3083.325241804123
    },
    "tc32_cv40_ph20": {
      "ckey": "tc32_cv40_ph20",
      "tc": 32.0,
      "cv": 0.4,
      "ph": 2.0,
      "c_0_95": 93.7681884765625,
      "n": 5000,
      "W_median": 44.68735313415527,
      "W_p50_p90_p99": [
        44.68735313415527,
        86.00030136108401,
        107.6026328277588
      ],
      "tc_hat_med": 35.40516737976813,
      "cv_hat_med": 0.41708481208515774,
      "runtime_s": 3042.8613831996918
    },
    "tc64_cv15_ph20": {
      "ckey": "tc64_cv15_ph20",
      "tc": 64.0,
      "cv": 0.15,
      "ph": 2.0,
      "c_0_95": 11.920605659484863,
      "n": 5000,
      "W_median": 2.563996195793152,
      "W_p50_p90_p99": [
        2.563996195793152,
        9.256153106689453,
        16.887129631042487
      ],
      "tc_hat_med": 58.601604631183164,
      "cv_hat_med": 0.1453988165234733,
      "runtime_s": 3124.7994492053986
    }
  }
}