{
  "test": "TLSG_partA_three_ledger",
  "R45_ref": "sec B11.7",
  "params": {
    "lambda_": 0.15,
    "n_mc": 1500,
    "cells_M_p": [
      [
        8,
        10
      ],
      [
        16,
        10
      ],
      [
        8,
        36
      ],
      [
        32,
        36
      ],
      [
        16,
        136
      ],
      [
        64,
        136
      ],
      [
        32,
        528
      ],
      [
        64,
        528
      ]
    ],
    "FPR": 0.05,
    "seed": 20260724
  },
  "cells": [
    {
      "M": 8,
      "p_eff": 10,
      "Tgrid": [
        4,
        5,
        7,
        10,
        13,
        18,
        25,
        33,
        46,
        62,
        85,
        115,
        156,
        212,
        288,
        392
      ],
      "matched_power": [
        0.18666666746139526,
        0.20000000298023224,
        0.26466667652130127,
        0.34466665983200073,
        0.4286666512489319,
        0.5486666560173035,
        0.6433333158493042,
        0.7393333315849304,
        0.8999999761581421,
        0.9593333005905151,
        0.9919999837875366,
        0.9993333220481873,
        1.0,
        1.0,
        1.0,
        1.0
      ],
      "blind_power": [
        0.052666667848825455,
        0.0573333315551281,
        0.05666666477918625,
        0.07866666465997696,
        0.09600000083446503,
        0.11133333295583725,
        0.17000000178813934,
        0.18733333051204681,
        0.26466667652130127,
        0.4399999976158142,
        0.6273333430290222,
        0.8473333120346069,
        0.949999988079071,
        0.9933333396911621,
        1.0,
        1.0
      ],
      "rel_risk": [
        15.518352699153901,
        12.422793975422978,
        9.006119901045915,
        6.284779345115938,
        4.889968286651133,
        3.5059501438848106,
        2.532734049917795,
        1.8787606203139438,
        1.3299204277895746,
        0.9848153446090889,
        0.7242597224839129,
        0.5392602432943004,
        0.3972717175785834,
        0.2911213554033793,
        0.21910051032201058,
        0.15960286120099795
      ],
      "Tlam_50_matched": 2.366175514444323,
      "Tlam_50_blind": 10.288940941247592,
      "risk_times_T": [
        9.31101161949234,
        9.317095481567234,
        9.456425896098212,
        9.427169017673906,
        9.535438158969708,
        9.466065388488989,
        9.497752687191731,
        9.29986507055402,
        9.176450951748066,
        9.158782704864526,
        9.234311461669888,
        9.302239196826683,
        9.296158191338852,
        9.257659101827462,
        9.465142045910856,
        9.384648238618679
      ]
    },
    {
      "M": 16,
      "p_eff": 10,
      "Tgrid": [
        4,
        5,
        7,
        10,
        13,
        18,
        25,
        33,
        46,
        62,
        85,
        115,
        156,
        212,
        288,
        392
      ],
      "matched_power": [
        0.17000000178813934,
        0.1926666647195816,
        0.2853333353996277,
        0.3766666650772095,
        0.40533334016799927,
        0.5013333559036255,
        0.6266666650772095,
        0.7093333005905151,
        0.8346666693687439,
        0.9139999747276306,
        0.9766666293144226,
        0.9940000176429749,
        1.0,
        1.0,
        1.0,
        1.0
      ],
      "blind_power": [
        0.07866666465997696,
        0.07000000029802322,
        0.08999999612569809,
        0.10066666454076767,
        0.10266666859388351,
        0.12600000202655792,
        0.2293333262205124,
        0.2566666603088379,
        0.35333332419395447,
        0.47466665506362915,
        0.668666660785675,
        0.8033333420753479,
        0.9426666498184204,
        0.9906666278839111,
        0.9993333220481873,
        1.0
      ],
      "rel_risk": [
        16.307606570578756,
        13.054643030224632,
        9.407856436587625,
        6.587859344264762,
        5.095609210118576,
        3.7115561459982715,
        2.736441474366019,
        2.0496277790423307,
        1.4791292427720586,
        1.0913820081356655,
        0.7912041581580613,
        0.5815192496195319,
        0.42767529719515335,
        0.3185355344234347,
        0.2347370463230165,
        0.17313777119108997
      ],
      "Tlam_50_matched": 2.687823992878035,
      "Tlam_50_blind": 9.691177481834245,
      "risk_times_T": [
        9.784563942347253,
        9.790982272668474,
        9.878249258417007,
        9.881789016397143,
        9.936437959731224,
        10.021201594195333,
        10.26165552887257,
        10.145657506259537,
        10.205991775127204,
        10.14985267566169,
        10.08785301651528,
        10.031207055936926,
        10.007601954366589,
        10.129429994665223,
        10.140640401154313,
        10.180500946036089
      ]
    },
    {
      "M": 8,
      "p_eff": 36,
      "Tgrid": [
        4,
        5,
        8,
        11,
        16,
        22,
        32,
        45,
        64,
        92,
        130,
        184,
        261,
        371,
        525,
        745
      ],
      "matched_power": [
        0.22733333706855774,
        0.23933333158493042,
        0.33266666531562805,
        0.4020000100135803,
        0.5173333287239075,
        0.640666663646698,
        0.765333354473114,
        0.8893333077430725,
        0.95333331823349,
        0.9940000176429749,
        1.0,
        1.0,
        1.0,
        1.0,
        1.0,
        1.0
      ],
      "blind_power": [
        0.03933333232998848,
        0.047333333641290665,
        0.03933333232998848,
        0.036666665226221085,
        0.04866666719317436,
        0.0559999980032444,
        0.05999999865889549,
        0.10799999535083771,
        0.13466666638851166,
        0.2459999918937683,
        0.4333333373069763,
        0.7393333315849304,
        0.9253333210945129,
        0.9986666440963745,
        1.0,
        1.0
      ],
      "rel_risk": [
        54.273302610623475,
        43.3762044904285,
        27.091500724424574,
        19.905000496111693,
        13.760087461542037,
        9.988588157809968,
        6.914590567597876,
        4.927941202242671,
        3.4788084116356255,
        2.407797896096571,
        1.7078259795459725,
        1.1980704303273686,
        0.8437237478333575,
        0.5974526816211092,
        0.42162970985328657,
        0.2983724403229226
      ],
      "Tlam_50_matched": 2.2685853306512413,
      "Tlam_50_blind": 21.0331764439106,
      "risk_times_T": [
        32.56398156637408,
        32.53215336782137,
        32.50980086930949,
        32.843250818584295,
        33.024209907700886,
        32.962340920772895,
        33.190034724469804,
        33.263603115138025,
        33.396560751702005,
        33.22761096613268,
        33.30260660114646,
        33.06674387703537,
        33.03178472767594,
        33.24824173221472,
        33.20333965094632,
        33.3431202060866
      ]
    },
    {
      "M": 32,
      "p_eff": 36,
      "Tgrid": [
        4,
        5,
        8,
        11,
        16,
        22,
        32,
        45,
        64,
        92,
        130,
        184,
        261,
        371,
        525,
        745
      ],
      "matched_power": [
        0.19466666877269745,
        0.23799999058246613,
        0.29133331775665283,
        0.32199999690055847,
        0.40799999237060547,
        0.49266666173934937,
        0.6713333129882812,
        0.8186666369438171,
        0.9079999923706055,
        0.9793333411216736,
        0.9946666359901428,
        1.0,
        1.0,
        1.0,
        1.0,
        1.0
      ],