{
  "20|GI": {
    "n": 24,
    "wall_mean_s": 0.04958333333333334,
    "wall_max_s": 0.05,
    "select_mean_s": 0.0,
    "select_max_s": 0.0
  },
  "20|POISSON-LIN": {
    "n": 24,
    "wall_mean_s": 105.7375,
    "wall_max_s": 133.93,
    "select_mean_s": 105.73645833333335,
    "select_max_s": 133.93
  },
  "20|PRECORRECT": {
    "n": 24,
    "wall_mean_s": 58.77333333333333,
    "wall_max_s": 63.91,
    "select_mean_s": 58.77170833333333,
    "select_max_s": 63.908
  },
  "20|RQL": {
    "n": 24,
    "wall_mean_s": 156.23166666666665,
    "wall_max_s": 173.06,
    "select_mean_s": 156.13787499999998,
    "select_max_s": 171.889
  },
  "20|SAT-POISSON": {
    "n": 24,
    "wall_mean_s": 121.85500000000002,
    "wall_max_s": 132.22,
    "select_mean_s": 121.85516666666666,
    "select_max_s": 132.215
  },
  "50|GI": {
    "n": 24,
    "wall_mean_s": 0.05041666666666667,
    "wall_max_s": 0.06,
    "select_mean_s": 0.0,
    "select_max_s": 0.0
  },
  "50|POISSON-LIN": {
    "n": 24,
    "wall_mean_s": 112.37541666666668,
    "wall_max_s": 131.3,
    "select_mean_s": 112.37491666666665,
    "select_max_s": 131.301
  },
  "50|PRECORRECT": {
    "n": 24,
    "wall_mean_s": 57.79833333333334,
    "wall_max_s": 63.36,
    "select_mean_s": 57.797625000000004,
    "select_max_s": 63.358
  },
  "50|RQL": {
    "n": 24,
    "wall_mean_s": 160.80708333333334,
    "wall_max_s": 173.98,
    "select_mean_s": 160.717625,
    "select_max_s": 172.852
  },
  "50|SAT-POISSON": {
    "n": 24,
    "wall_mean_s": 124.61708333333335,
    "wall_max_s": 132.1,
    "select_mean_s": 124.61683333333333,
    "select_max_s": 132.103
  },
  "100|GI": {
    "n": 24,
    "wall_mean_s": 0.05041666666666667,
    "wall_max_s": 0.06,
    "select_mean_s": 0.0,
    "select_max_s": 0.0
  },
  "100|POISSON-LIN": {
    "n": 24,
    "wall_mean_s": 114.06791666666668,
    "wall_max_s": 137.86,
    "select_mean_s": 114.06712499999999,
    "select_max_s": 137.857
  },
  "100|PRECORRECT": {
    "n": 24,
    "wall_mean_s": 58.10583333333333,
    "wall_max_s": 65.87,
    "select_mean_s": 58.104083333333335,
    "select_max_s": 65.863
  },
  "100|RQL": {
    "n": 24,
    "wall_mean_s": 162.21083333333334,
    "wall_max_s": 174.28,
    "select_mean_s": 162.12133333333335,
    "select_max_s": 174.283
  },
  "100|SAT-POISSON": {
    "n": 24,
    "wall_mean_s": 125.05624999999999,
    "wall_max_s": 133.47,
    "select_mean_s": 125.05545833333333,
    "select_max_s": 133.47
  },
  "200|GI": {
    "n": 24,
    "wall_mean_s": 0.05083333333333334,
    "wall_max_s": 0.06,
    "select_mean_s": 0.0,
    "select_max_s": 0.0
  },
  "200|POISSON-LIN": {
    "n": 24,
    "wall_mean_s": 116.5,
    "wall_max_s": 134.55,
    "select_mean_s": 116.49904166666666,
    "select_max_s": 134.548
  },
  "200|PRECORRECT": {
    "n": 24,
    "wall_mean_s": 53.88083333333333,
    "wall_max_s": 62.76,
    "select_mean_s": 53.88025000000001,
    "select_max_s": 62.758
  },
  "200|RQL": {
    "n": 24,
    "wall_mean_s": 150.48291666666668,
    "wall_max_s": 174.07,
    "select_mean_s": 150.39454166666667,
    "select_max_s": 174.075
  },
  "200|SAT-POISSON": {
    "n": 24,
    "wall_mean_s": 128.15125,
    "wall_max_s": 136.13,
    "select_mean_s": 128.14975,
    "select_max_s": 136.134
  },
  "500|GI": {
    "n": 24,
    "wall_mean_s": 0.05041666666666667,
    "wall_max_s": 0.06,
    "select_mean_s": 0.0,
    "select_max_s": 0.0
  },
  "500|POISSON-LIN": {
    "n": 24,
    "wall_mean_s": 132.9416666666667,
    "wall_max_s": 144.08,
    "select_mean_s": 132.94154166666667,
    "select_max_s": 144.083
  },
  "500|PRECORRECT": {
    "n": 24,
    "wall_mean_s": 52.28708333333333,
    "wall_max_s": 56.83,
    "select_mean_s": 52.28570833333333,
    "select_max_s": 56.828
  },
  "500|RQL": {
    "n": 24,
    "wall_mean_s": 148.29041666666666,
    "wall_max_s": 182.03,
    "select_mean_s": 148.20470833333331,
    "select_max_s": 181.021
  },
  "500|SAT-POISSON": {
    "n": 24,
    "wall_mean_s": 113.20083333333334,
    "wall_max_s": 133.63,
    "select_mean_s": 113.19970833333332,
    "select_max_s": 133.628
  },
  "1000|GI": {
    "n": 24,
    "wall_mean_s": 0.04541666666666667,
    "wall_max_s": 0.06,
    "select_mean_s": 0.0,
    "select_max_s": 0.0
  },
  "1000|POISSON-LIN": {
    "n": 24,
    "wall_mean_s": 109.28208333333333,
    "wall_max_s": 142.93,
    "select_mean_s": 109.28204166666666,
    "select_max_s": 142.931
  },
  "1000|PRECORRECT": {
    "n": 24,
    "wall_mean_s": 43.27833333333333,
    "wall_max_s": 55.24,
    "select_mean_s": 43.27854166666666,
    "select_max_s": 55.24
  },
  "1000|RQL": {
    "n": 24,
    "wall_mean_s": 130.55583333333334,
    "wall_max_s": 183.38,
    "select_mean_s": 130.467375,
    "select_max_s": 182.303
  },
  "1000|SAT-POISSON": {
    "n": 24,
    "wall_mean_s": 94.92958333333335,
    "wall_max_s": 136.55,
    "select_mean_s": 94.92862500000001,
    "select_max_s": 136.555
  },
  "2000|GI": {
    "n": 24,
    "wall_mean_s": 0.045000000000000005,
    "wall_max_s": 0.05,
    "select_mean_s": 0.0,
    "select_max_s": 0.0
  },
  "2000|POISSON-LIN": {
    "n": 24,
    "wall_mean_s": 112.6075,
    "wall_max_s": 140.55,
    "select_mean_s": 112.60679166666667,
    "select_max_s": 140.546
  },
  "2000|PRECORRECT": {
    "n": 24,
    "wall_mean_s": 42.882083333333334,
    "wall_max_s": 52.18,
    "select_mean_s": 42.881499999999996,
    "select_max_s": 52.184
  },
  "2000|RQL": {
    "n": 24,
    "wall_mean_s": 125.01458333333335,
    "wall_max_s": 176.54,
    "select_mean_s": 124.91204166666665,
    "select_max_s": 176.538
  },
  "2000|SAT-POISSON": {
    "n": 24,
    "wall_mean_s": 88.47541666666666,
    "wall_max_s": 133.92,
    "select_mean_s": 88.47391666666665,
    "select_max_s": 133.913
  }
}