{
  "candidates": [
    "0",
    "1.5",
    "2",
    "3",
    "4",
    "6",
    "8",
    "12",
    "16",
    "inf"
  ],
  "objective": "R_j = mean_{rho,nu,seed}[max(P.25,P.50) - P_pick]; J(C0) = Q0.90 over dev images; argmin J, tie<=0.02dB -> larger C0 (round-6 \u00a71.6)",
  "R_j": {
    "dev_fine_lines": {
      "0": 0.5352694444444445,
      "1.5": 0.4016861111111111,
      "2": 0.39673611111111107,
      "3": 0.3893194444444444,
      "4": 0.38787499999999997,
      "6": 0.37549999999999994,
      "8": 0.37063611111111106,
      "12": 0.3673305555555555,
      "16": 0.3574416666666666,
      "inf": 0.0010499999999999707
    },
    "dev_stl_00": {
      "0": 2.6825250000000005,
      "1.5": 0.7118583333333335,
      "2": 0.7118583333333335,
      "3": 0.6023833333333334,
      "4": 0.6023833333333334,
      "6": 0.47510555555555556,
      "8": 0.47510555555555556,
      "12": 0.30282777777777775,
      "16": 0.15776388888888893,
      "inf": 0.0
    },
    "dev_stl_01": {
      "0": 1.7996166666666669,
      "1.5": 0.8250833333333334,
      "2": 0.7255833333333332,
      "3": 0.7255833333333332,
      "4": 0.7255833333333332,
      "6": 0.69145,
      "8": 0.69145,
      "12": 0.5229861111111112,
      "16": 0.5229861111111112,
      "inf": 0.0
    },
    "dev_stl_02": {
      "0": 1.121433333333333,
      "1.5": 0.5362805555555554,
      "2": 0.5080194444444444,
      "3": 0.5080194444444444,
      "4": 0.5015444444444443,
      "6": 0.48979444444444437,
      "8": 0.4436944444444444,
      "12": 0.4362694444444444,
      "16": 0.4228833333333333,
      "inf": 0.014625000000000011
    },
    "dev_stl_03": {
      "0": 0.16721666666666668,
      "1.5": 0.19302222222222218,
      "2": 0.27497499999999986,
      "3": 0.3098805555555555,
      "4": 0.3095777777777777,
      "6": 0.32582499999999986,
      "8": 0.35022222222222216,
      "12": 0.35022222222222216,
      "16": 0.3484972222222222,
      "inf": 0.29538888888888887
    },
    "dev_text": {
      "0": 0.02835,
      "1.5": 0.03626944444444439,
      "2": 0.03626944444444439,
      "3": 0.03626944444444439,
      "4": 0.03626944444444439,
      "6": 0.03626944444444439,
      "8": 0.03626944444444439,
      "12": 0.04700277777777773,
      "16": 0.04700277777777773,
      "inf": 0.6884111111111113
    }
  },
  "J": {
    "0": 2.2410708333333336,
    "1.5": 0.7684708333333334,
    "2": 0.7187208333333334,
    "3": 0.6639833333333334,
    "4": 0.6639833333333334,
    "6": 0.5906222222222222,
    "8": 0.5832777777777778,
    "12": 0.47962777777777776,
    "16": 0.4729347222222222,
    "inf": 0.4919000000000001
  },
  "J_min": 0.4729347222222222,
  "tie_window_dB": 0.02,
  "within_tie": [
    "12",
    "16",
    "inf"
  ],
  "C0_star": "inf",
  "C0_star_value": null,
  "n_dev_images": 6,
  "images": [
    "dev_fine_lines",
    "dev_stl_00",
    "dev_stl_01",
    "dev_stl_02",
    "dev_stl_03",
    "dev_text"
  ]
}