{
  "covariance_check": {
    "cov_mc": 3.5717292439471378e-06,
    "cov_analytic": 3.51807314040495e-06,
    "ratio": 1.0152515599877527
  },
  "pergate_var_check": {
    "var_mc": 8.703760386278757e-07,
    "var_pred": 8.945425539436408e-07
  },
  "information_ridge": {
    "p2": {
      "t_star": 2.821439372122079,
      "Cr_at_3600": 214.2727534535053
    },
    "p3": {
      "t_star": 4.965114231744279,
      "Cr_at_3600": 25.117753144121004
    },
    "p4": {
      "t_star": 6.993575686728154,
      "Cr_at_3600": 3.303932539806072
    }
  },
  "fim_vs_ideal": {
    "I_beta2_fim": 4291.47580921885,
    "I_beta2_ideal": 4223.182238495706,
    "ratio": 1.0161711162025229
  }
}