{
  "scenes": {
    "bridge_contour_0": {
      "n_active": 514,
      "p1_true": 192.7555436149159,
      "p2_true": 168.91166578357303,
      "a_lo": 0.0002593959118493071,
      "a_hi": 0.015563754710958425,
      "a_max_times_vmax": 0.015563754710958425,
      "p2_log": 168.9115775270726,
      "relerr_log": 5.225009179181034e-07,
      "p2_ES": -20809.722972547883,
      "relerr_ES": 124.19884997884893,
      "p2_quenched": 166.9478668069113,
      "relerr_quenched_C3600": 0.011626189153672525
    },
    "bridge_twopop_1": {
      "n_active": 514,
      "p1_true": 151.751458123462,
      "p2_true": 87.54122542092915,
      "a_lo": 0.00032948612565765934,
      "a_hi": 0.01976916753945955,
      "a_max_times_vmax": 0.01581219861183577,
      "p2_log": 87.54119075374162,
      "relerr_log": 3.960098498527141e-07,
      "p2_ES": -13080.860409414949,
      "relerr_ES": 150.42514622702103,
      "p2_quenched": 87.2340124091297,
      "relerr_quenched_C3600": 0.003509352425925715
    },
    "bridge_microtex_2": {
      "n_active": 514,
      "p1_true": 145.85456437220694,
      "p2_true": 63.52390822026332,
      "a_lo": 0.00034280723551718815,
      "a_hi": 0.02056843413103128,
      "a_max_times_vmax": 0.02056843413103128,
      "p2_log": 63.523890594829865,
      "relerr_log": 2.7746141494490024e-07,
      "p2_ES": -12270.745576406047,
      "relerr_ES": 194.16735887625745,
      "p2_quenched": 67.86681219555999,
      "relerr_quenched_C3600": 0.0683664481133315
    },
    "bridge_control_0": {
      "n_active": 117,
      "p1_true": 117.0,
      "p2_true": 117.0,
      "a_lo": 0.00042735042735042724,
      "a_hi": 0.025641025641025633,
      "a_max_times_vmax": 0.025641025641025633,
      "p2_log": 116.99972818969152,
      "relerr_log": 2.3231650297094525e-06,
      "p2_ES": -7101.559687457091,
      "relerr_ES": 61.6970913457871,
      "p2_quenched": 114.39137901861484,
      "relerr_quenched_C3600": 0.022295905823804772
    },
    "bridge_contour_2": {
      "n_active": 514,
      "p1_true": 267.05490624992393,
      "p2_true": 237.90223866854024,
      "a_lo": 0.00018722741589779061,
      "a_hi": 0.011233644953867437,
      "a_max_times_vmax": 0.011233644953867437,
      "p2_log": 237.90219182190881,
      "relerr_log": 1.969154711720211e-07,
      "p2_ES": -40864.86046138185,
      "relerr_ES": 172.77165162500737,
      "p2_quenched": 243.2175637113829,
      "relerr_quenched_C3600": 0.022342475937136053
    },
    "bridge_twopop_3": {
      "n_active": 514,
      "p1_true": 134.6829287280263,
      "p2_true": 83.50741117997404,
      "a_lo": 0.00037124229827945125,
      "a_hi": 0.022274537896767074,
      "a_max_times_vmax": 0.017818504702203596,
      "p2_log": 83.5073638976648,
      "relerr_log": 5.662049460202641e-07,
      "p2_ES": -10148.480200012804,
      "relerr_ES": 122.5278986213683,
      "p2_quenched": 80.96850667536576,
      "relerr_quenched_C3600": 0.030403343472550838
    }
  },
  "settings": {
    "L": 10,
    "order": 4,
    "C_quenched": 3600,
    "occ_lo": 0.05,
    "occ_hi": 3.0,
    "mask_density": 0.5,
    "K": 51
  },
  "summary": {
    "max_relerr_log": 2.3231650297094525e-06,
    "max_relerr_ES": 194.16735887625745,
    "median_relerr_log": 4.5925538388540876e-07,
    "max_relerr_quenched_C3600": 0.0683664481133315,
    "median_relerr_quenched_C3600": 0.022319190880470414,
    "BAR": "relerr < 1% noiseless",
    "PASS_noiseless": true
  }
}