{
  "C": 3600,
  "L": 12,
  "order": 4,
  "target_rel_se": 0.1,
  "B_LIN": 10000.0,
  "scenes": {
    "bridge_contour_0": {
      "density": 0.5,
      "n_active": 491,
      "n_eff": 213.7857676968883,
      "p1": 188.27107424229825,
      "p2": 165.80148331766102,
      "relse_at_M1": 38.07747259057814,
      "M_need": 144989.39188862295,
      "B_sat": 4980485628.331904,
      "budget_multiple": 498048.56283319043,
      "fisher_cond": 2245576666083150.5
    },
    "bridge_twopop_1": {
      "density": 0.5,
      "n_active": 491,
      "n_eff": 250.61175988999486,
      "p1": 143.30075647713358,
      "p2": 81.93991700921198,
      "relse_at_M1": 44.65475039752394,
      "M_need": 199404.67330651646,
      "B_sat": 6849688081.926861,
      "budget_multiple": 684968.8081926861,
      "fisher_cond": 436792977102828.56
    },
    "bridge_microtex_2": {
      "density": 0.5,
      "n_active": 491,
      "n_eff": 316.30707822564307,
      "p1": 137.571914863458,
      "p2": 59.83436053775985,
      "relse_at_M1": 56.38820336867085,
      "M_need": 317962.94791465823,
      "B_sat": 10922246598.892483,
      "budget_multiple": 1092224.6598892482,
      "fisher_cond": 342013289435177.4
    },
    "bridge_control_0": {
      "density": 0.5,
      "n_active": 120,
      "n_eff": 120.0,
      "p1": 120.0,
      "p2": 120.0,
      "relse_at_M1": 21.327132838648577,
      "M_need": 45484.659511736245,
      "B_sat": 1562429430.5737293,
      "budget_multiple": 156242.94305737293,
      "fisher_cond": 150557275995390.6
    },
    "bridge_contour_2": {
      "density": 0.5,
      "n_active": 491,
      "n_eff": 289.6673002193633,
      "p1": 259.0480012276071,
      "p2": 231.66531703509315,
      "relse_at_M1": 51.630151152107125,
      "M_need": 266567.25079894287,
      "B_sat": 9156768949.054806,
      "budget_multiple": 915676.8949054806,
      "fisher_cond": 1.5237665607826234e+16
    },
    "bridge_twopop_3": {
      "density": 0.5,
      "n_active": 491,
      "n_eff": 206.9571047418276,
      "p1": 130.58067291857728,
      "p2": 82.39056185647469,
      "relse_at_M1": 36.857850528361446,
      "M_need": 135850.1145571034,
      "B_sat": 4666545147.514256,
      "budget_multiple": 466654.51475142554,
      "fisher_cond": 250066454498510.4
    }
  },
  "neff2_scaling_law": {
    "d0.5": {
      "n_active": 530,
      "n_eff": 320.0069124020395,
      "B_sat": 11179705895.642298,
      "mult": 1117970.5895642298,
      "B_over_neff2": 109172.09882719936
    },
    "d0.2": {
      "n_active": 196,
      "n_eff": 113.40701764920905,
      "B_sat": 1394687642.0856085,
      "mult": 139468.76420856084,
      "B_over_neff2": 108441.89383764713
    },
    "d0.1": {
      "n_active": 107,
      "n_eff": 61.880930533215114,
      "B_sat": 411713852.6230745,
      "mult": 41171.38526230745,
      "B_over_neff2": 107518.15617625199
    },
    "d0.05": {
      "n_active": 57,
      "n_eff": 35.50992769736885,
      "B_sat": 133720484.8141151,
      "mult": 13372.048481411512,
      "B_over_neff2": 106046.99495072068
    },
    "d0.02": {
      "n_active": 22,
      "n_eff": 12.819571267036945,
      "B_sat": 16508809.064858278,
      "mult": 1650.8809064858278,
      "B_over_neff2": 100454.3487788231
    }
  },
  "neff2_law_const_range": [
    100454.3487788231,
    109172.09882719936
  ],
  "mc_validation": {
    "density": 0.02,
    "M": 20000,
    "se_crb": 0.1576079670118958,
    "se_mc": 0.3090262598382119,
    "ratio": 1.960727402916678,
    "rel_bias": -0.0013227923740599863,
    "NMC": 400,
    "exact_vs_fast_sd_ratio": 1.01575982818012
  },
  "summary": {
    "primary_density": 0.5,
    "max_budget_multiple_50pct": 1092224.6598892482,
    "min_budget_multiple_50pct": 156242.94305737293,
    "best_case_sparse_multiple": 1650.8809064858278,
    "BAR": "rel se(p2) <= 10% at per-pattern budget <= 4x linear arm",
    "PASS": false,
    "verdict_note": "per-pattern p2 recovery costs ~n_eff^2 x the linear arm; even sparsest sane design is >1e3 x -> BAR NOT MET"
  }
}