{
  "C": 3600,
  "L": 12,
  "K": 51,
  "base_scene": "bridge_microtex_0",
  "B_LIN": 10000.0,
  "linear_campaign": 510000.0,
  "delta_l2": 1.3343282291060234,
  "delta_max": 0.08371780923386932,
  "alpha": 0.08371780923386932,
  "max_bucket_diff": 2.2737367544323206e-13,
  "rel_bucket_diff": 1.3872810350092973e-15,
  "linear_buckets_identical": true,
  "mean_p2_diff_per_pattern": 1.1809026701909233,
  "kappa_flat": 6.432030832248871e-10,
  "kappa_opt": 1.8952359667454477e-09,
  "budget_d3_flat": 13992470239.532845,
  "budget_d3_opt": 4748749051.789605,
  "dprime_at_linear_campaign_flat": 0.01811169711663411,
  "dprime_at_linear_campaign_opt": 0.031089714425195005,
  "budget_d3_flat_over_campaign": 27436.216155946753,
  "budget_d3_opt_over_campaign": 9311.272650567853,
  "dprime_curve": {
    "budget": [
      5099.999999999999,
      7915.832465386898,
      12286.353650994763,
      19069.94453171943,
      29598.918830845527,
      45941.192670893906,
      71306.42832212882,
      110676.41966727268,
      171783.52861862414,
      266629.33977608295,
      413841.8007890577,
      642333.7965137655,
      996981.709815469,
      1547439.2521478867,
      2401817.621640442,
      3727918.804964662,
      5786192.295032477,
      8980888.003919542,
      13939451.927339239,
      21635758.061986633,
      33581379.623594105,
      52122465.69743698,
      80900530.61642884,
      125567656.21971664,
      194896574.45226964,
      302503653.223915,
      469523184.13490367,
      728758208.6719422,
      1131123115.2201111,
      1755643348.5899866,
      2724976199.2959213,
      4229500993.2927823,
      6564710053.939838,
      10189244111.927217,
      15814970458.616835,
      24546795410.873337,
      38099670595.0199,
      59135413611.09886,
      91785495473.88612,
      142462471553.6884
    ],
    "flat": [
      0.001811169711663411,
      0.0022564325489649612,
      0.0028111600007667973,
      0.003502263142559324,
      0.004363268941071936,
      0.005435946722784132,
      0.006772334497833643,
      0.008437263440848657,
      0.010511502996943381,
      0.013095679189037602,
      0.016315156212395314,
      0.02032611813350501,
      0.025323145730183863,
      0.03154865604244869,
      0.039304662567982915,
      0.048967426615713704,
      0.06100571058759151,
      0.07600351869629755,
      0.09468842832220678,
      0.11796688642741025,
      0.14696818333517336,
      0.1830992371417065,
      0.22811284647519614,
      0.2841927226968425,
      0.3540594266470935,
      0.44110234916673724,
      0.5495441380645748,
      0.6846455482534294,
      0.8529606527950248,
      1.0626547957151204,
      1.3239007111946013,
      1.6493720257687894,
      2.0548580844358857,
      2.5600299272708926,
      3.189394575792223,
      3.9734839236574544,
      4.950335907448036,
      6.167339812466777,
      7.68353523347993,
      9.572476218156416
    ],
    "optimal": [
      0.0031089714425195,
      0.003873289350814439,
      0.004825509231109139,
      0.0060118254100028,
      0.007489788751693705,
      0.009331098579752574,
      0.01162508097246014,
      0.01448302217163353,
      0.01804356732834343,
      0.022479446490810778,
      0.028005854127273584,
      0.03489088869331133,
      0.043468558690502375,
      0.054154986169551854,
      0.06746859374624592,
      0.08405525444774845,
      0.1047196244648105,
      0.13046417883212635,
      0.16253784374542588,
      0.2024965847783114,
      0.2522788902694164,
      0.3142998117486525,
      0.3915681235149858,
      0.48783228504019155,
      0.607762287162854,
      0.7571762038402,
      0.943322439992453,
      1.1752313679169941,
      1.4641534109451475,
      1.8241048267643936,
      2.272547667581682,
      2.831236903523631,
      3.5272758051337907,
      4.394430783943894,
      5.4747694769905495,
      6.820701542438963,
      8.497521169896292,
      10.586574648304468,
      13.189206657250484,
      16.431676725154997
    ]
  },
  "BAR": "d' >= 3 at budget <= linear campaign (51*B_LIN)",
  "PASS": false,
  "mc_validation": {
    "budget": 13992306940.263966,
    "dprime_analytic": 2.999982494183386,
    "dprime_mc": 6.173774746966332,
    "M_per_level": 7987,
    "NT": 200
  }
}