{
  "gate": "G3_scale_shell_depth",
  "n": 64,
  "N": 4096,
  "PB": 8,
  "medium_band": [
    1,
    16
  ],
  "db": 152,
  "M": 128,
  "T": 4096,
  "coverage_frac": 0.119384765625,
  "superres_frac": 0.099609375,
  "shell_sizes": {
    "1": 19,
    "2": 21,
    "3": 23,
    "4": 25,
    "5": 27,
    "6": 29
  },
  "partA": {
    "in_coverage_err": 0.25039850165783106,
    "out_coverage_err": 4.6971614677050795,
    "separation": 18.758744307998054,
    "in_all": [
      0.2715202282658438,
      0.23158652000178404,
      0.25039850165783106
    ],
    "out_all": [
      4.762212137993833,
      4.635249496809803,
      4.6971614677050795
    ]
  },
  "partB": {
    "flat": {
      "estimator": "moment",
      "shell_median": {
        "1": 0.46794364600191607,
        "2": 0.8352236485373709,
        "3": 0.8124134850051448,
        "4": 1.145407079372898,
        "5": 1.117699843206916,
        "6": 1.0348793144719532
      },
      "shell_all": {
        "1": [
          0.46794364600191607,
          0.37046258413397176,
          0.621394956410033
        ],
        "2": [
          0.8594247645058144,
          0.455789307136211,
          0.8352236485373709
        ],
        "3": [
          0.8124134850051448,
          0.9440044724738335,
          0.6358578096603513
        ],
        "4": [
          1.0669391209572974,
          1.145407079372898,
          1.242882484408835
        ],
        "5": [
          1.1918052625842364,
          1.0450871508821578,
          1.117699843206916
        ],
        "6": [
          1.72142514170068,
          0.8336784287463476,
          1.0348793144719532
        ]
      },
      "viable_depth_0p3": 0,
      "viable_depth_0p5": 1
    },
    "decaying": {
      "estimator": "moment",
      "shell_median": {
        "1": 1.463734343574419,
        "2": 1.4303930628683768,
        "3": 1.5073215436855156,
        "4": 1.7603943521290282,
        "5": 2.2933209950327247,
        "6": 2.232879124571747
      },
      "shell_all": {
        "1": [
          1.690334829288391,
          1.463734343574419,
          1.326702201533619
        ],
        "2": [
          0.9396473969403034,
          1.4303930628683768,
          1.8479002711626342
        ],
        "3": [
          1.297749009322548,
          1.5073215436855156,
          2.2550965708338655
        ],
        "4": [
          1.4752015945448589,
          1.7603943521290282,
          2.114748445939415
        ],
        "5": [
          2.4591458303628952,
          2.2933209950327247,
          1.5919551127902534
        ],
        "6": [
          2.232879124571747,
          2.1278273016235048,
          3.1966657024916714
        ]
      },
      "viable_depth_0p3": 0,
      "viable_depth_0p5": 0
    }
  },
  "mle": {
    "T": 1024,
    "mle_shell": {
      "1": 0.5671624686906405,
      "2": 1.2660087793814998,
      "3": 1.0089068032494555,
      "4": 3.7584390847627818,
      "5": 1.735309224593384,
      "6": 3.167339722594704
    },
    "moment_shell_sameT": {
      "1": 0.7885075315261113,
      "2": 0.8428009400280325,
      "3": 0.9556567804183349,
      "4": 3.0453967841511442,
      "5": 1.5987019091850099,
      "6": 2.7295862674653613
    },
    "mle_depth_0p3": 0,
    "moment_depth_0p3": 0,
    "wall_s": 71.30522918701172
  },
  "naturals": {
    "cameraman": {
      "superres_nmse": 1.9179503211631754,
      "shell1": 1.374707678529631,
      "shell2": 1.0109645355309567,
      "shell3": 1.903782685579601,
      "superres_energy_frac": 0.01686605901932281
    },
    "coins": {
      "superres_nmse": 0.7676478569402857,
      "shell1": 0.4038712804337597,
      "shell2": 0.42228651030034337,
      "shell3": 0.6393234396830704,
      "superres_energy_frac": 0.12327353918003542
    },
    "moon": {
      "superres_nmse": 15.701281003726848,
      "shell1": 3.9286996045108067,
      "shell2": 4.429931599483671,
      "shell3": 4.574952210518386,
      "superres_energy_frac": 0.004390370594307096
    }
  },
  "toy_depth_reference": 1,
  "viable_depth_flat": 0,
  "viable_depth_decaying": 0,
  "kill_rule": "separation<3x OR viable depth=0 under BOTH spectra at generous budget",
  "kill_law": false,
  "kill_depth": true,
  "verdict": "KILL",
  "wall_s": 472.48432898521423
}