{
  "cell": {
    "sigma_f": 0.3,
    "spectrum": "k^-2",
    "k_w_over_kp": 1,
    "claim": 1.25,
    "N": 4096,
    "M": 128,
    "photons": 10000.0
  },
  "convexity": {
    "r1_objs": [
      69.0215905485776,
      0.01881828171765613,
      0.005974300610556213,
      0.006045082064137627,
      69.58451336740403,
      0.006000344881063942
    ],
    "r8_objs": [
      0.007991926732686512,
      0.008101901617795889,
      0.0083850094275944,
      0.008660728992908515,
      0.007695053906359298,
      0.00896393194392488
    ],
    "r1_std": 32.665835109788816,
    "r8_std": 0.0004239239651545161,
    "convex_like": true
  },
  "per_T": {
    "200": {
      "scenes": {
        "cameraman": {
          "crb": 0.8249463986250282,
          "moment_med": 0.915477228568971,
          "moment_all": [
            0.915,
            0.916,
            0.916,
            0.915,
            0.915
          ],
          "lifted_med": 1.511149949868039,
          "lifted_all": [
            1.618,
            1.753,
            1.511,
            1.161,
            1.068
          ],
          "mle_only": 1.319213026167869,
          "moment_multistart_std": 0.00022338975066729032,
          "lifted_multistart_std": 0.26444837073237015
        },
        "coins": {
          "crb": 0.2614740440588862,
          "moment_med": 0.33728308785607286,
          "moment_all": [
            0.337,
            0.337,
            0.337,
            0.337,
            0.337
          ],
          "lifted_med": 0.8494465388284327,
          "lifted_all": [
            1.054,
            0.82,
            0.717,
            0.892,
            0.849
          ],
          "mle_only": 0.791321311799537,
          "moment_multistart_std": 9.74620710679322e-05,
          "lifted_multistart_std": 0.11021329037087088
        },
        "moon": {
          "crb": 1.7630447830848957,
          "moment_med": 1.617329389156439,
          "moment_all": [
            1.618,
            1.617,
            1.617,
            1.617,
            1.618
          ],
          "lifted_med": 1.1807497530297262,
          "lifted_all": [
            1.183,
            2.032,
            1.045,
            1.068,
            1.181
          ],
          "mle_only": 2.9399034749694404,
          "moment_multistart_std": 0.0002940914387576019,
          "lifted_multistart_std": 0.3692455577520346
        },
        "text": {
          "crb": 1.154676600005299,
          "moment_med": 0.9537554213555752,
          "moment_all": [
            0.955,
            0.955,
            0.954,
            0.954,
            0.954
          ],
          "lifted_med": 1.6752565015342213,
          "lifted_all": [
            1.675,
            1.545,
            1.593,
            1.835,
            1.717
          ],
          "mle_only": 2.4350938770330406,
          "moment_multistart_std": 0.0004345345190262422,
          "lifted_multistart_std": 0.1010151526915587
        },
        "clock": {
          "crb": 0.9047839825717072,
          "moment_med": 0.917067821120358,
          "moment_all": [
            0.917,
            0.917,
            0.918,
            0.917,
            0.917
          ],
          "lifted_med": 1.3191198227111225,
          "lifted_all": [
            1.351,
            1.319,
            1.389,
            1.244,
            1.203
          ],
          "mle_only": 1.433674848256672,
          "moment_multistart_std": 0.00036848169293307354,
          "lifted_multistart_std": 0.06832082601974124
        },
        "gravel": {
          "crb": 1.0059610938567405,
          "moment_med": 0.9735880513773355,
          "moment_all": [
            0.975,
            0.973,
            0.974,
            0.973,
            0.974
          ],
          "lifted_med": 1.1573840353556348,
          "lifted_all": [
            1.0,
            1.077,
            1.157,
            1.205,
            1.322
          ],
          "mle_only": 1.964034735763233,
          "moment_multistart_std": 0.0009673342292848538,
          "lifted_multistart_std": 0.10968479793964496
        },
        "witness0": {
          "crb": 0.22494326020589164,
          "moment_med": 0.3171945696946089,
          "moment_all": [
            0.317,
            0.315,
            0.317,
            0.317,
            0.317
          ],
          "lifted_med": 0.9888384899813033,
          "lifted_all": [
            0.99,
            0.989,
            0.976,
            0.919,
            1.0
          ],
          "mle_only": 0.9822796070342479,
          "moment_multistart_std": 0.0007094631537260431,
          "lifted_multistart_std": 0.02881898599733032
        },
        "witness1": {
          "crb": 0.2210478067567852,
          "moment_med": 0.35427230141286326,
          "moment_all": [
            0.355,
            0.354,
            0.354,
            0.354,
            0.355
          ],
          "lifted_med": 1.037961571353402,
          "lifted_all": [
            0.94,
            1.038,
            1.051,
            1.067,
            1.009
          ],
          "mle_only": 1.0088224046164005,
          "moment_multistart_std": 0.0003224139384112934,
          "lifted_multistart_std": 0.044761797518283165
        },
        "witness2": {
          "crb": 0.25975885508273794,
          "moment_med": 0.3094289610533231,
          "moment_all": [
            0.309,
            0.309,
            0.309,
            0.31,
            0.31
          ],
          "lifted_med": 0.9505872700196021,
          "lifted_all": [
            0.949,
            0.953,
            1.001,
            0.938,
            0.951
          ],
          "mle_only": 1.079936285807409,
          "moment_multistart_std": 0.00023827869001253037,
          "lifted_multistart_std": 0.02193553864035204
        }
      },
      "crb_nat_med": 0.9553725382142239,
      "lifted_nat_med": 1.2499347878704243,
      "moment_nat_med": 0.9354116212379666,
      "lifted_wit_med": 0.9888384899813033,
      "crb_wit_med": 0.22494326020589164
    },
    "500": {
      "scenes": {
        "cameraman": {
          "crb": 0.5217419134416571,
          "moment_med": 0.5193336161198462,
          "moment_all": [
            0.519,
            0.519,
            0.519,
            0.519,
            0.519
          ],
          "lifted_med": 0.558689578654232,
          "lifted_all": [
            0.559,
            0.56,
            0.559,
            0.555,
            0.555
          ],
          "mle_only": 1.1948230210430144,
          "moment_multistart_std": 6.96733675385381e-05,
          "lifted_multistart_std": 0.0023098694547996146
        },
        "coins": {
          "crb": 0.16537070564825967,
          "moment_med": 0.160125067395719,
          "moment_all": [
            0.16,
            0.16,
            0.16,
            0.16,
            0.16
          ],
          "lifted_med": 0.16072833610472134,
          "lifted_all": [
            0.161,
            0.161,
            0.161,
            0.161,
            0.161
          ],
          "mle_only": 0.7724955402002902,
          "moment_multistart_std": 3.5041619574124053e-06,
          "lifted_multistart_std": 5.013439605456012e-05
        },
        "moon": {
          "crb": 1.1150474262851544,
          "moment_med": 1.017728221589996,
          "moment_all": [
            1.018,
            1.018,
            1.018,
            1.018,
            1.018
          ],
          "lifted_med": 1.370357361486417,
          "lifted_all": [
            1.37,
            1.362,
            1.374,
            1.371,
            1.37
          ],
          "mle_only": 2.6303714766983024,
          "moment_multistart_std": 2.2268577702505948e-05,
          "lifted_multistart_std": 0.0038363881601759116
        },
        "text": {
          "crb": 0.7302816033831874,
          "moment_med": 0.7013866233056496,