{
  "meta": {
    "utc": "2026-07-22 16:41:01Z",
    "python": "3.11.5",
    "numpy": "1.24.4",
    "machinery": "dl_t3_reciprocity (frozen probe, verbatim import)",
    "compact_witness": {
      "Kpix": 16,
      "n_pair": 24
    },
    "snr_axis_note": "reciprocity structure is SNR-invariant; predictions stated per (t_c,CV) hold across the photon-SNR grid",
    "schedule_names": "R34 {paired, random, ordered}; ordered == probe 'split'",
    "predicted_ordering": "full-record Fisher info ~schedule-invariant; paired predicted best for BOTH ledgers at the estimator level; no forced scene-vs-medium trade",
    "status": "FROZEN before confirmatory data (R34 sec.2.4)"
  },
  "generic_theorem2": {
    "worst_relerr_Jx": 3.3531364795849406e-15,
    "worst_relerr_Jtheta": 3.4507378171790375e-15,
    "worst_abserr_det_reciprocity": 3.6637359812630166e-15,
    "n_cases": 8
  },
  "reciprocity_worst_abserr": 2.6645352591003757e-15,
  "per_cell": {
    "tc16_cv5": {
      "geometry": {
        "paired": {
          "kappa": [
            0.1104656952875638,
            0.00011284144571859765
          ],
          "kappa_max": 0.1104656952875638,
          "K_frob": 0.1104657529216941,
          "eff_scene": 0.9877973175868225,
          "eff_medium": 0.9877973175868217,
          "medium_crb_tc": 69.46635796461486,
          "medium_crb_cv": 0.0593130627523126,
          "scene_logdet_eff": 0.9877973175868225,
          "reciprocity_abserr": 8.881784197001252e-16
        },
        "random": {
          "kappa": [
            0.11058072636231055,
            0.001099065183488962
          ],
          "kappa_max": 0.11058072636231055,
          "K_frob": 0.1105861880484799,
          "eff_scene": 0.9877707097837636,
          "eff_medium": 0.9877707097837662,
          "medium_crb_tc": 69.25844079950366,
          "medium_crb_cv": 0.05939755813307753,
          "scene_logdet_eff": 0.9877707097837636,
          "reciprocity_abserr": 2.6645352591003757e-15
        },
        "ordered": {
          "kappa": [
            0.11052307750556963,
            0.0008068074847909949
          ],
          "kappa_max": 0.11052307750556963,
          "K_frob": 0.11052602227357892,
          "eff_scene": 0.9877840063518201,
          "eff_medium": 0.9877840063518201,
          "medium_crb_tc": 69.39500011857328,
          "medium_crb_cv": 0.059305368287091334,
          "scene_logdet_eff": 0.9877840063518201,
          "reciprocity_abserr": 0.0
        }
      },
      "K_frob": {
        "paired": 0.1104657529216941,
        "random": 0.1105861880484799,
        "ordered": 0.11052602227357892
      },
      "K_frob_spread_frac": 0.0010896543811984632,
      "predicted_best_scene_schedule": "paired",
      "predicted_best_medium_schedule": "paired",
      "predicted_medium_schedule_robust": true,
      "predicted_no_forced_trade": true,
      "predicted_fundamental_info_schedule_invariant": true
    },
    "tc16_cv15": {
      "geometry": {
        "paired": {
          "kappa": [
            0.3394486344407355,
            0.001633667296404859
          ],
          "kappa_max": 0.3394486344407355,
          "K_frob": 0.33945256560013715,
          "eff_scene": 0.8847722632288967,
          "eff_medium": 0.8847722632288977,
          "medium_crb_tc": 22.984142156027357,
          "medium_crb_cv": 0.06982484636571375,
          "scene_logdet_eff": 0.8847722632288967,
          "reciprocity_abserr": 9.992007221626409e-16
        },
        "random": {
          "kappa": [
            0.338941265288889,
            0.008266588233952333
          ],
          "kappa_max": 0.338941265288889,
          "K_frob": 0.33904205903790574,
          "eff_scene": 0.8850583327790057,
          "eff_medium": 0.8850583327790049,
          "medium_crb_tc": 22.903981041490493,
          "medium_crb_cv": 0.06950052078940852,
          "scene_logdet_eff": 0.8850583327790057,
          "reciprocity_abserr": 7.771561172376096e-16
        },
        "ordered": {
          "kappa": [
            0.33980789675634054,
            0.008542771463764285
          ],
          "kappa_max": 0.33980789675634054,
          "K_frob": 0.33991526244381837,
          "eff_scene": 0.8844660411931479,
          "eff_medium": 0.8844660411931479,
          "medium_crb_tc": 22.98702687532065,
          "medium_crb_cv": 0.0699352157577238,
          "scene_logdet_eff": 0.8844660411931479,
          "reciprocity_abserr": 0.0
        }
      },
      "K_frob": {
        "paired": 0.33945256560013715,
        "random": 0.33904205903790574,
        "ordered": 0.33991526244381837
      },
      "K_frob_spread_frac": 0.00257225528833393,
      "predicted_best_scene_schedule": "paired",
      "predicted_best_medium_schedule": "paired",
      "predicted_medium_schedule_robust": true,
      "predicted_no_forced_trade": true,
      "predicted_fundamental_info_schedule_invariant": true
    },
    "tc16_cv40": {
      "geometry": {
        "paired": {
          "kappa": [
            0.7611510344587474,
            0.010217792707237385
          ],
          "kappa_max": 0.7611510344587474,
          "K_frob": 0.7612196138733088,
          "eff_scene": 0.42060518559303817,
          "eff_medium": 0.4206051855930389,
          "medium_crb_tc": 15.201297569398276,
          "medium_crb_cv": 0.17414371422876737,
          "scene_logdet_eff": 0.42060518559303817,
          "reciprocity_abserr": 7.216449660063518e-16
        },
        "random": {
          "kappa": [
            0.7606099724033873,
            0.0220579835624798
          ],
          "kappa_max": 0.7606099724033873,
          "K_frob": 0.7609297502124124,
          "eff_scene": 0.42126740049515393,
          "eff_medium": 0.421267400495153,
          "medium_crb_tc": 15.187858234551912,
          "medium_crb_cv": 0.17348411271301487,
          "scene_logdet_eff": 0.42126740049515393,
          "reciprocity_abserr": 9.43689570931383e-16
        },
        "ordered": {
          "kappa": [
            0.7621061839862797,
            0.03717342826170859
          ],
          "kappa_max": 0.7621061839862797,
          "K_frob": 0.7630122537933828,
          "eff_scene": 0.4186148951021212,
          "eff_medium": 0.41861489510212135,
          "medium_crb_tc": 15.229924347985323,
          "medium_crb_cv": 0.17428615663297073,
          "scene_logdet_eff": 0.4186148951021212,
          "reciprocity_abserr": 1.6653345369377348e-16
        }
      },
      "K_frob": {
        "paired": 0.7612196138733088,
        "random": 0.7609297502124124,
        "ordered": 0.7630122537933828
      },
      "K_frob_spread_frac": 0.0027339469970222964,
      "predicted_best_scene_schedule": "paired",
      "predicted_best_medium_schedule": "paired",
      "predicted_medium_schedule_robust": true,
      "predicted_no_forced_trade": true,
      "predicted_fundamental_info_schedule_invariant": true
    },
    "tc32_cv5": {
      "geometry": {
        "paired": {
          "kappa": [
            0.10383364888101225,
            0.00010965332340466359
          ],
          "kappa_max": 0.10383364888101225,
          "K_frob": 0.1038337067805858,
          "eff_scene": 0.9892185614658378,
          "eff_medium": 0.9892185614658378,
          "medium_crb_tc": 155.96707334055102,
          "medium_crb_cv": 0.05542221213563954,
          "scene_logdet_eff": 0.9892185614658378,
          "reciprocity_abserr": 0.0
        },
        "random": {
          "kappa": [
            0.10403448228397975,
            0.0012274608006704534
          ],
          "kappa_max": 0.10403448228397975,
          "K_frob": 0.10404172318888649,
          "eff_scene": 0.9891753361427302,
          "eff_medium": 0.9891753361427302,
          "medium_crb_tc": 155.1945781516499,
          "medium_crb_cv": 0.055482843467428274,
          "scene_logdet_eff": 0.9891753361427302,
          "reciprocity_abserr": 0.0
        },