{
  "test": "TLSG_cell_p2080_partB_measurement",
  "engine": "tlsg_A_three_ledger.py prefix exec'd verbatim; DEV=cuda; CHUNK=2; N_MC=1000",
  "cell": {
    "M": 64,
    "p_eff": 2080,
    "LAM": 0.15,
    "FPR": 0.05,
    "seed": 20260724,
    "n_mc": 1000,
    "Tgrid": [
      4,
      5,
      8,
      13,
      19,
      29,
      43,
      65,
      97,
      145,
      217,
      323,
      482,
      719,
      1073,
      1600
    ],
    "matched_power": [
      0.20600001513957977,
      0.23100000619888306,
      0.27900001406669617,
      0.3680000305175781,
      0.4750000238418579,
      0.6660000085830688,
      0.7770000100135803,
      0.9330000281333923,
      0.9790000319480896,
      0.9980000257492065,
      1.0,
      1.0,
      1.0,
      1.0,
      1.0,
      1.0
    ],
    "blind_power": [
      0.049000002443790436,
      0.06400000303983688,
      0.04500000178813934,
      0.0690000057220459,
      0.06200000271201134,
      0.06200000271201134,
      0.049000002443790436,
      0.07700000703334808,
      0.06000000238418579,
      0.08000000566244125,
      0.1290000081062317,
      0.15600000321865082,
      0.26600000262260437,
      0.4240000247955322,
      0.7640000581741333,
      0.968000054359436
    ]
  },
  "Tlam_50_blind": 117.94658682363968,
  "Tlam_50_matched": 3.0121879285288635,
  "committed_p528_Tlam_50_blind": {
    "M64": 59.46055755490618,
    "M32": 57.75566906294253
  },
  "exact_boundary": {
    "delta50_528": 55.28833238,
    "delta50_2080": 107.91257382,
    "predicted_local_slope": 0.48778000230427987
  },
  "measured_local_slope_vs_M64_528": 0.4995661857182318,
  "measured_local_slope_vs_M32_528": 0.5207850870819563,
  "abs_err_vs_pred_M64": 0.011786183413951934,
  "elapsed_s": 1553.9
}