{
  "nu": 2000.0,
  "c": 0.05,
  "n_seed": 8,
  "cells": [
    {
      "scene": "bridge_contour_1",
      "target_load": 1.0,
      "nu": 2000.0,
      "c": 0.05,
      "n_rows": 1024,
      "rank": 1012,
      "n_null": 12,
      "main_load_q": [
        0.6932676420663352,
        0.9860354477651768,
        1.3539074510499678
      ],
      "floor_range_sse": 0.007320368057646151,
      "floor_range_mse": 7.148796931295069e-06,
      "mu_min_range": 210.5264593057014,
      "mu_max": 1087418423.5593345,
      "TV": {
        "lam_tv_mean": 2.5967787824031427,
        "total_mse": 3.514739832205678e-08,
        "range_mse": 3.469412857700851e-08,
        "null_mse": 4.532697450482718e-10,
        "range_sse": 3.552678766285672e-05,
        "null_sse": 4.6414821892943033e-07,
        "eff_range": 206.05206772746305,
        "range_headroom_dB": -23.139769770169845,
        "psnr_rad": 19.791351081032957
      },
      "noTV": {
        "lam_tv_mean": 0.0,
        "total_mse": 9.25327745853809e-08,
        "range_mse": 9.112604605298405e-08,
        "null_mse": 1.406728532396858e-09,
        "range_sse": 9.331307115825567e-05,
        "null_sse": 1.4404900171743826e-06,
        "eff_range": 78.44954588656786,
        "range_headroom_dB": -18.945904339710303,
        "psnr_rad": 15.587327067005948
      }
    },
    {
      "scene": "bridge_contour_1",
      "target_load": 5.7,
      "nu": 2000.0,
      "c": 0.05,
      "n_rows": 1024,
      "rank": 1012,
      "n_null": 12,
      "main_load_q": [
        3.95162555977811,
        5.6204020522615075,
        7.717272470984818
      ],
      "floor_range_sse": 0.0062979980137633255,
      "floor_range_mse": 6.1503886853157476e-06,
      "mu_min_range": 217.86378137665034,
      "mu_max": 1709333706.0745595,
      "TV": {
        "lam_tv_mean": 2.6627489569797413,
        "total_mse": 2.867271884661889e-08,
        "range_mse": 2.8348194263232706e-08,
        "null_mse": 3.245245833861827e-10,
        "range_sse": 2.902855092555029e-05,
        "null_sse": 3.323131733874511e-07,
        "eff_range": 216.95874623283268,
        "range_headroom_dB": -23.363771624813296,
        "psnr_rad": 20.675594151293343
      },
      "noTV": {
        "lam_tv_mean": 0.0,
        "total_mse": 8.098636351079321e-08,
        "range_mse": 7.945946207781936e-08,
        "null_mse": 1.5269014329738538e-09,
        "range_sse": 8.136648916768702e-05,
        "null_sse": 1.5635470673652263e-06,
        "eff_range": 77.4028482510026,
        "range_headroom_dB": -18.887569420386313,
        "psnr_rad": 16.16616392835938
      }
    },
    {
      "scene": "bridge_contour_1",
      "target_load": 22.25,
      "nu": 2000.0,
      "c": 0.05,
      "n_rows": 1024,
      "rank": 1012,
      "n_null": 12,
      "main_load_q": [
        15.42520503597596,
        21.939288712775184,
        30.124440785861786
      ],
      "floor_range_sse": 0.008089224602773948,
      "floor_range_mse": 7.899633401146433e-06,
      "mu_min_range": 203.9523269356937,
      "mu_max": 1024205468.8018256,
      "TV": {
        "lam_tv_mean": 4.0757404990378046,
        "total_mse": 4.211677614587397e-08,
        "range_mse": 4.1598558359779506e-08,
        "null_mse": 5.182177860944653e-10,
        "range_sse": 4.2596923760414215e-05,
        "null_sse": 5.306550129607324e-07,
        "eff_range": 189.9016146863486,
        "range_headroom_dB": -22.785286574510245,
        "psnr_rad": 19.005731708853606
      },
      "noTV": {
        "lam_tv_mean": 0.0,
        "total_mse": 1.0513239281874587e-07,
        "range_mse": 1.0382407736188533e-07,
        "null_mse": 1.3083154568605281e-09,
        "range_sse": 0.00010631585521857058,
        "null_sse": 1.3397150278251808e-06,
        "eff_range": 76.0867190142395,
        "range_headroom_dB": -18.813088570045746,
        "psnr_rad": 15.032917422457036
      }
    },
    {
      "scene": "bridge_microtex_1",
      "target_load": 1.0,
      "nu": 2000.0,
      "c": 0.05,
      "n_rows": 1024,
      "rank": 1012,
      "n_null": 12,
      "main_load_q": [
        0.698260995072239,
        0.9887860247693423,
        1.3306762971441661
      ],
      "floor_range_sse": 0.007211370684207574,
      "floor_range_mse": 7.042354183796459e-06,
      "mu_min_range": 215.60479125296234,
      "mu_max": 1083988943.1291559,
      "TV": {
        "lam_tv_mean": 0.7506886189204648,
        "total_mse": 7.126407724174965e-08,
        "range_mse": 6.90527866544454e-08,
        "null_mse": 2.211290587304244e-09,
        "range_sse": 7.071005353415209e-05,
        "null_sse": 2.264361561399546e-06,
        "eff_range": 101.98508307909243,
        "range_headroom_dB": -20.085366540149245,
        "psnr_rad": 24.365453516614632
      },
      "noTV": {
        "lam_tv_mean": 0.0,
        "total_mse": 1.0341685912371558e-07,
        "range_mse": 9.929101143866146e-08,
        "null_mse": 4.125847685054116e-09,
        "range_sse": 0.00010167399571318934,
        "null_sse": 4.224868029495415e-06,
        "eff_range": 70.92640191450745,
        "range_headroom_dB": -18.508079287148764,
        "psnr_rad": 22.74824674072379
      }
    },
    {
      "scene": "bridge_microtex_1",
      "target_load": 5.7,
      "nu": 2000.0,
      "c": 0.05,
      "n_rows": 1024,
      "rank": 1012,
      "n_null": 12,
      "main_load_q": [
        3.980087671911762,
        5.636080341185251,
        7.5848548937217455
      ],
      "floor_range_sse": 0.0061898575553797075,
      "floor_range_mse": 6.044782768925496e-06,
      "mu_min_range": 223.20318289789662,
      "mu_max": 1704222081.3039305,
      "TV": {
        "lam_tv_mean": 2.416381437115371,
        "total_mse": 6.281855061437511e-08,
        "range_mse": 6.077879032418963e-08,
        "null_mse": 2.0397602901854856e-09,
        "range_sse": 6.223748129197018e-05,
        "null_sse": 2.0887145371499372e-06,
        "eff_range": 99.45546360306064,
        "range_headroom_dB": -19.976286461581306,
        "psnr_rad": 24.91328105852283
      },
      "noTV": {
        "lam_tv_mean": 0.0,
        "total_mse": 8.623831808872577e-08,
        "range_mse": 8.243406339089739e-08,
        "null_mse": 3.804254697828375e-09,
        "range_sse": 8.441248091227893e-05,
        "null_sse": 3.895556810576256e-06,
        "eff_range": 73.32870078551748,
        "range_headroom_dB": -18.652739903729586,
        "psnr_rad": 23.537157398860163
      }
    },
    {
      "scene": "bridge_microtex_1",
      "target_load": 22.25,
      "nu": 2000.0,
      "c": 0.05,
      "n_rows": 1024,
      "rank": 1012,
      "n_null": 12,
      "main_load_q": [
        15.536307140357321,
        22.000489051117867,
        29.607547611457697
      ],
      "floor_range_sse": 0.007988457354972837,
      "floor_range_mse": 7.801227885715661e-06,
      "mu_min_range": 208.89529137875164,
      "mu_max": 1015045766.2446243,
      "TV": {
        "lam_tv_mean": 4.055346311012498,
        "total_mse": 7.879599715294607e-08,
        "range_mse": 7.673603236591232e-08,
        "null_mse": 2.0599647870337374e-09,
        "range_sse": 7.857769714269422e-05,
        "null_sse": 2.109403941922547e-06,
        "eff_range": 101.6631645550275,
        "range_headroom_dB": -20.07163624227551,
        "psnr_rad": 23.929118619060947
      },
      "noTV": {
        "lam_tv_mean": 0.0,
        "total_mse": 1.1554350233842647e-07,
        "range_mse": 1.1104235612263276e-07,
        "null_mse": 4.5011462157937006e-09,
        "range_sse": 0.00011370737266957594,
        "null_sse": 4.609173724972749e-06,
        "eff_range": 70.25452411240406,
        "range_headroom_dB": -18.466742963178817,
        "psnr_rad": 22.266704900607216
      }
    },
    {
      "scene": "bridge_control_2",
      "target_load": 1.0,
      "nu": 2000.0,
      "c": 0.05,
      "n_rows": 1024,
      "rank": 1012,
      "n_null": 12,
      "main_load_q": [
        0.5567009963948457,
        0.9913405104120934,
        1.5268572247170815
      ],