{
  "n_mc": 150000,
  "tau": 1.0,
  "results": [
    {
      "nu": 2000,
      "rho": 1.0,
      "c": 0.0,
      "n_mc": 150000,
      "mean_N": 1000.1260866666667,
      "fano_N": 0.24951258194274029,
      "n_sat": 0,
      "J_mi": 0.5000111341371711,
      "J_cs": 0.4983093907278685,
      "J_exact_c0": 0.5000104429205157,
      "mi_cs_reldiff": 0.0034034110305147234,
      "I_frame": 1000.0222682743423,
      "crb_theta": 0.0009999777322215228,
      "var_theta": 0.0009986782699666563,
      "bias_theta": 0.0002521993837129801,
      "mse_theta": 0.0009987418744958015,
      "eff_theta_var": 1.0013011820662823,
      "eff_theta_mse": 1.0012374145485239,
      "crb_lam": 0.0009999777322215228,
      "var_lam": 0.0010002255416563357,
      "bias_lam": 0.000751743035408925,
      "eff_lam_var": 0.9997522464439345,
      "eff_lam_mse": 0.9991877152143788,
      "headroom_dB": -0.005647288634287128
    },
    {
      "nu": 2000,
      "rho": 5.7,
      "c": 0.0,
      "n_mc": 150000,
      "mean_N": 1701.8584333333333,
      "fano_N": 0.022239902452651457,
      "n_sat": 0,
      "J_mi": 0.8492695198961819,
      "J_cs": 0.8456414555510073,
      "J_exact_c0": 0.8492638357568851,
      "mi_cs_reldiff": 0.004271982286162945,
      "I_frame": 1698.5390397923638,
      "crb_theta": 0.0005887412514947222,
      "var_theta": 0.0005883097133586516,
      "bias_theta": 0.001647949224081957,
      "mse_theta": 0.000591025450003804,
      "eff_theta_var": 1.0007335220314602,
      "eff_theta_mse": 0.9961351943320427,
      "crb_lam": 0.019128203261063525,
      "var_lam": 0.01920538960384857,
      "bias_lam": 0.011081064015021624,
      "eff_lam_var": 0.9959810061458175,
      "eff_lam_mse": 0.9896536390493694,
      "headroom_dB": -0.0031844779065574283
    },
    {
      "nu": 2000,
      "rho": 22.25,
      "c": 0.0,
      "n_mc": 150000,
      "mean_N": 1914.4404133333333,
      "fano_N": 0.0018912242296004094,
      "n_sat": 0,
      "J_mi": 0.9354733506318199,
      "J_cs": 0.9352574684851698,
      "J_exact_c0": 0.9354485134331009,
      "mi_cs_reldiff": 0.00023077316580352605,
      "I_frame": 1870.9467012636399,
      "crb_theta": 0.0005344887694152906,
      "var_theta": 0.0005400362502437272,
      "bias_theta": 0.005872445805086723,
      "mse_theta": 0.0005745218699774079,
      "eff_theta_var": 0.9897275769433385,
      "eff_theta_mse": 0.9303192747672224,
      "crb_lam": 0.26460534640865724,
      "var_lam": 0.2709198667175358,
      "bias_lam": 0.13709179764292045,
      "eff_lam_var": 0.9766922950856824,
      "eff_lam_mse": 0.9133328769431355,
      "headroom_dB": 0.04484328747354703
    },
    {
      "nu": 2000,
      "rho": 1.0,
      "c": 0.05,
      "n_mc": 150000,
      "mean_N": 1000.1080666666667,
      "fano_N": 0.25183120037050216,
      "n_sat": 0,
      "J_mi": 0.4987531188612527,
      "J_cs": 0.500794032250606,
      "J_exact_c0": null,
      "mi_cs_reldiff": 0.004092031332080991,
      "I_frame": 997.5062377225054,
      "crb_theta": 0.0010024999966748963,
      "var_theta": 0.0010079494985745301,
      "bias_theta": 0.0002161123924578305,
      "mse_theta": 0.001007996203140704,
      "eff_theta_var": 0.9945934772452978,
      "eff_theta_mse": 0.9945473936819575,
      "crb_lam": 0.0010024999966748963,
      "var_lam": 0.0010090090857300148,
      "bias_lam": 0.0007201925250595043,
      "eff_lam_var": 0.993549028301951,
      "eff_lam_mse": 0.9930385606163383,
      "headroom_dB": 0.023543932896605634
    },
    {
      "nu": 2000,
      "rho": 5.7,
      "c": 0.05,
      "n_mc": 150000,
      "mean_N": 1701.8239866666668,
      "fano_N": 0.024334599992488586,
      "n_sat": 0,
      "J_mi": 0.7855153967817141,
      "J_cs": 0.7932114022672806,
      "J_exact_c0": null,
      "mi_cs_reldiff": 0.009797396100824125,
      "I_frame": 1571.0307935634282,
      "crb_theta": 0.0006365247607475534,
      "var_theta": 0.00064367384424275,
      "bias_theta": 0.0015315855734630013,
      "mse_theta": 0.00064601959861159,
      "eff_theta_var": 0.988893313657001,
      "eff_theta_mse": 0.9853025544667022,
      "crb_lam": 0.02068068947668801,
      "var_lam": 0.021013612348102177,
      "bias_lam": 0.010574766422193349,
      "eff_lam_var": 0.9841567996068875,
      "eff_lam_mse": 0.9789472504379003,
      "headroom_dB": 0.04850559554785114
    },
    {
      "nu": 2000,
      "rho": 22.25,
      "c": 0.05,
      "n_mc": 150000,
      "mean_N": 1914.4358133333333,
      "fano_N": 0.004178992760914549,
      "n_sat": 0,
      "J_mi": 0.42278578198634525,
      "J_cs": 0.424103446762928,
      "J_exact_c0": null,
      "mi_cs_reldiff": 0.003116625091771169,
      "I_frame": 845.5715639726905,
      "crb_theta": 0.0011826320120106324,
      "var_theta": 0.001195405059404327,
      "bias_theta": 0.006115502302989739,
      "mse_theta": 0.0012328044278221999,
      "eff_theta_var": 0.9893148792593704,
      "eff_theta_mse": 0.9593022099213262,
      "crb_lam": 0.5854767604460136,
      "var_lam": 0.601962728483479,
      "bias_lam": 0.14988456894516133,
      "eff_lam_var": 0.9726129754262388,
      "eff_lam_mse": 0.9376207584730077,
      "headroom_dB": 0.04665459100448295
    },
    {
      "nu": 200,
      "rho": 1.0,
      "c": 0.0,
      "n_mc": 150000,
      "mean_N": 100.11130666666666,
      "fano_N": 0.25057826461249083,
      "n_sat": 0,
      "J_mi": 0.5000378148402774,
      "J_cs": 0.49943929461965214,
      "J_exact_c0": 0.5001067877331927,
      "mi_cs_reldiff": 0.0011969499163107635,
      "I_frame": 100.00756296805548,
      "crb_theta": 0.009999243760388613,
      "var_theta": 0.010084914988378936,
      "bias_theta": 0.002227781520194819,
      "mse_theta": 0.010089877998880658,
      "eff_theta_var": 0.9915050123784837,
      "eff_theta_mse": 0.9910173107641045,
      "crb_lam": 0.009999243760388613,
      "var_lam": 0.010235616332220426,
      "bias_lam": 0.007288702316954554,
      "eff_lam_var": 0.9769068550285788,
      "eff_lam_mse": 0.9718626663025876,
      "headroom_dB": 0.03705085954075065
    },
    {
      "nu": 200,
      "rho": 5.7,
      "c": 0.0,
      "n_mc": 150000,
      "mean_N": 170.50388,
      "fano_N": 0.022946642693800666,
      "n_sat": 0,
      "J_mi": 0.8361924310730842,
      "J_cs": 0.8417142083360463,
      "J_exact_c0": 0.8362758858277333,
      "mi_cs_reldiff": 0.006603476733072094,
      "I_frame": 167.23848621461684,
      "crb_theta": 0.005979484881946981,
      "var_theta": 0.006202673177283032,
      "bias_theta": 0.01621711801798198,
      "mse_theta": 0.006465668094092187,
      "eff_theta_var": 0.9640174020205569,
      "eff_theta_mse": 0.9248054176196514,
      "crb_lam": 0.19427346381445743,
      "var_lam": 0.2108510122292871,
      "bias_lam": 0.11120641179900925,
      "eff_lam_var": 0.9213779045233957,
      "eff_lam_mse": 0.8703311102749574,
      "headroom_dB": 0.15915126332347507
    },
    {
      "nu": 200,
      "rho": 22.25,
      "c": 0.0,
      "n_mc": 150000,
      "mean_N": 191.85692666666668,
      "fano_N": 0.0022675405166792287,
      "n_sat": 0,
      "J_mi": 0.779882298025039,
      "J_cs": 0.7706323922673597,
      "J_exact_c0": 0.779019446750149,
      "mi_cs_reldiff": 0.011860643306180387,
      "I_frame": 155.9764596050078,
      "crb_theta": 0.006411223863731639,
      "var_theta": 0.007185658400698387,
      "bias_theta": 0.06052913456777276,
      "mse_theta": 0.01084943453222193,
      "eff_theta_var": 0.8922249717727356,
      "eff_theta_mse": 0.5909270058905679,
      "crb_lam": 3.173956514038645,
      "var_lam": 4.107215688042468,
      "bias_lam": 1.4737801346801191,
      "eff_lam_var": 0.7727757086824378,
      "eff_lam_mse": 0.5054679718865936,
      "headroom_dB": 0.4952562580261387
    },
    {
      "nu": 200,
      "rho": 1.0,
      "c": 0.05,
      "n_mc": 150000,
      "mean_N": 100.13096,
      "fano_N": 0.25189448043908363,
      "n_sat": 0,
      "J_mi": 0.49889672169270105,
      "J_cs": 0.4996776318491601,