{
  "provenance": {
    "spec": "R16 5.3 frozen (docs/ROUND63_GPT_ROUND16_RULING_RAW.md; docs/R16_DIAGNOSTIC_RUNBOOK.md)",
    "driver": "code/round63/jitter_score_diag_colab_frozen.py (estimator math byte-identical to jitter_score_diag_colab.py; harness adds N_MC=2e6, SAVE_RAW_NL=True, 200-rep peak bootstrap)",
    "n_mc": 2000000,
    "n_boot": 200,
    "nu": 2000,
    "sessions": {
      "part_A_cv0.02": "r63diag_a (pro2, L4)",
      "part_B_cv0.20_cal": "r63diag_b (pro2, L4)"
    },
    "date_utc": "2026-07-22"
  },
  "channels": {
    "0.02": {
      "peaks_point": {
        "MI_quad": 10.109844841562925,
        "MI_cubic": 10.099817969871276,
        "CS_quad": 10.215542290464546,
        "HIST_base_quad": 9.28760734969657,
        "HIST_base_cubic": 9.299817003089549
      },
      "peaks_boot": {
        "MI_quad": {
          "median": 10.121040875985253,
          "mean": 10.17145124483033,
          "lo": 10.068425266948013,
          "hi": 10.310346976975234,
          "std": 0.08792179422087583
        },
        "MI_cubic": {
          "median": 10.099817969871276,
          "mean": 10.172975254110003,
          "lo": 10.099817969871276,
          "hi": 10.300224154499134,
          "std": 0.09561332163772684
        },
        "CS_quad": {
          "median": 10.20461538711429,
          "mean": 10.100141589982679,
          "lo": 9.421410274068393,
          "hi": 10.780195278268847,
          "std": 0.3430525837664664
        },
        "HIST_quad": {
          "median": 9.294901548402446,
          "mean": 9.779439673253187,
          "lo": 9.267833361081303,
          "hi": 10.932607717004657,
          "std": 0.6779081906441429
        },
        "HIST_cubic": {
          "median": 9.299817003089549,
          "mean": 9.788373042948722,
          "lo": 9.299817003089549,
          "hi": 10.907548160133212,
          "std": 0.6746858627345653
        }
      },
      "hist_peak_vs_alpha": {
        "0.0": 9.28799892714835,
        "0.05": 9.28718325521705,
        "0.1": 9.287324521706168,
        "0.5": 9.28760734969657,
        "1.0": 9.287710439388036
      },
      "hist_peak_vs_dlog": {
        "0.0025": 10.103563524441672,
        "0.005": 9.290204937637103,
        "0.01": 9.28760734969657,
        "0.02": 9.289047823166007
      },
      "tail_mass_max": 6.9e-05,
      "mi_cs_gap_rel_max": 0.002937328461911154
    },
    "0.2": {
      "peaks_point": {
        "MI_quad": 2.1520464099272103,
        "MI_cubic": 2.149967398827262,
        "CS_quad": 2.098111534851637,
        "HIST_base_quad": 2.0556259579332727,
        "HIST_base_cubic": 2.050004231319641
      },
      "peaks_boot": {
        "MI_quad": {
          "median": 2.152355183771265,
          "mean": 2.1553350274488463,
          "lo": 2.1365384808092034,
          "hi": 2.196360531392097,
          "std": 0.01330850653691752
        },
        "MI_cubic": {
          "median": 2.149967398827262,
          "mean": 2.154720850186665,
          "lo": 2.1251497780054223,
          "hi": 2.1999110084418048,
          "std": 0.015507913950672823
        },
        "CS_quad": {
          "median": 2.0996683395918874,
          "mean": 2.118656315583965,
          "lo": 2.0226836452887103,
          "hi": 2.195182148037,
          "std": 0.04353005994197099
        },
        "HIST_quad": {
          "median": 2.2047079446055258,
          "mean": 2.1620109392102345,
          "lo": 2.051374722186146,
          "hi": 2.2584039373896165,
          "std": 0.08539527859283415
        },
        "HIST_cubic": {
          "median": 2.200096068469485,
          "mean": 2.1605090526145436,
          "lo": 2.050004231319641,
          "hi": 2.251316901631422,
          "std": 0.08759356614805186
        }
      },
      "hist_peak_vs_alpha": {
        "0.0": 2.0553168504637327,
        "0.05": 2.2306988419253124,
        "0.1": 2.2349038816330307,
        "0.5": 2.0556259579332727,
        "1.0": 2.055542636646747
      },
      "hist_peak_vs_dlog": {
        "0.0025": 2.2403518947333163,
        "0.005": 2.2333223986317448,
        "0.01": 2.0556259579332727,
        "0.02": 2.0537826243727597
      },
      "tail_mass_max": 0.0002115,
      "mi_cs_gap_rel_max": 0.0022592947996366553
    },
    "cal_c0": {
      "peaks_point": {
        "MI_quad": 22.237209386407898,
        "MI_cubic": 22.249664989856917,
        "CS_quad": 22.51810837927929,
        "HIST_base_quad": 24.20927402890914,
        "HIST_base_cubic": 24.250193698748483
      },
      "peaks_boot": {
        "MI_quad": {
          "median": 22.269775247542306,
          "mean": 22.38040089878643,
          "lo": 21.971922855849947,
          "hi": 22.744468171168354,
          "std": 0.24658029453790073
        },
        "MI_cubic": {
          "median": 22.249664989856917,
          "mean": 22.392227993477317,
          "lo": 21.999352031489202,
          "hi": 22.749632110084026,
          "std": 0.26810250087045756
        },
        "CS_quad": {
          "median": 22.521639199214295,
          "mean": 22.769775197950775,
          "lo": 21.060267121770984,
          "hi": 24.500000000000004,
          "std": 0.8265758531413336
        },
        "HIST_quad": {
          "median": 22.206237121669723,
          "mean": 22.348224183262122,
          "lo": 19.999999999999996,
          "hi": 24.257454857870535,
          "std": 1.5352333807177345
        },
        "HIST_cubic": {
          "median": 22.249664989856917,
          "mean": 22.370062949787158,
          "lo": 19.999999999999996,
          "hi": 24.250193698748483,
          "std": 1.5454185996013043
        }
      },
      "hist_peak_vs_alpha": {
        "0.0": 19.999999999999996,
        "0.05": 24.2180880080393,
        "0.1": 24.21516838681697,
        "0.5": 24.20927402890914,
        "1.0": 24.20713693818563
      },
      "hist_peak_vs_dlog": {
        "0.0025": 20.57049819244245,
        "0.005": 22.9791848639381,
        "0.01": 24.20927402890914,
        "0.02": 24.22515209361958
      },
      "tail_mass_max": 4e-05,
      "mi_cs_gap_rel_max": 0.0021591059473547833
    }
  }
}