{
  "cell": {
    "M": 96,
    "d": 48,
    "T": 128,
    "sigma_f": 0.15,
    "tau_multi": [
      64.0,
      60.333761179790464,
      56.87754278281235,
      53.61931379299242,
      50.547732390791396,
      47.65210647259323,
      44.922356431740425,
      42.348980071657046,
      39.92301952892284,
      37.63603009115846,
      35.480050801177526,
      33.447576745079346,
      31.531532927817665,
      29.72524964530703,
      28.02243926733759,
      26.41717435048013,
      24.90386700479304,
      23.477249442506977,
      22.132355640977888,
      20.86450405607732,
      19.66928132584591,
      18.542526907682802,
      17.480318595593324,
      16.478958867080905,
      15.534962012157028,
      14.64504199966561,
      13.806101038684778,
      13.015218795188506,
      12.26964222643162,
      11.56677599767184,
      10.90417344786977,
      10.27952807291855,
      9.690665496756553,
      9.135535902414771,
      8.612206896651474,
      8.118856783336163,
      7.6537682221675905,
      7.2153222506520125,
      6.801992648532294,
      6.41234062505059,
      6.045009810551103,
      5.698721534988759,
      5.37227037690845,
      5.064519967400895,
      4.77439903442884,
      4.500897673753934,
      4.243063833483506,
      4.0
    ]
  },
  "results": [
    {
      "medium": "single",
      "photons": null,
      "oracle_nmse": 1.0250077994795448e-07,
      "frozen_knownmedium_nmse": 0.029097394562888956,
      "trueZ_seed_nmse": 0.6685077958274775,
      "baseline_nmse_median": 0.6524774720165732,
      "sobifix_nmse_median": 0.6254490489999216,
      "baseline_all": [
        0.5982595895224656,
        0.8025619716310541,
        0.6370073818708665,
        0.6795227830323713,
        0.6524774720165732
      ],
      "sobifix_all": [
        0.5661368646970427,
        0.8995323053558899,
        0.6826932588546721,
        0.6254490489999216,
        0.6150543862022432
      ],
      "sobi_quality": 0.2608934475792437,
      "cap_baseline": 0.3475225636047606,
      "cap_sobifix": 0.37455098939184694
    },
    {
      "medium": "single",
      "photons": 1000000.0,
      "oracle_nmse": 0.03440480012307277,
      "frozen_knownmedium_nmse": 0.06150787578487464,
      "trueZ_seed_nmse": 0.7820421703187936,
      "baseline_nmse_median": 0.6792261756334771,
      "sobifix_nmse_median": 0.6778821887343799,
      "baseline_all": [
        0.7681109833085114,
        0.6792261756334771,
        0.6714650196953768,
        0.6294799054197581,
        0.6827721188841455
      ],
      "sobifix_all": [
        0.8128027986846016,
        0.6778821887343799,
        0.5788215589243445,
        0.7256743343451886,
        0.6556809453951317
      ],
      "sobi_quality": 0.24306858305322498,
      "cap_baseline": 0.33220320938568054,
      "cap_sobifix": 0.3335950834331784
    },
    {
      "medium": "single",
      "photons": 100000.0,
      "oracle_nmse": 0.053085294366304527,
      "frozen_knownmedium_nmse": 0.07676991938745746,
      "trueZ_seed_nmse": 0.6829290144096765,
      "baseline_nmse_median": 0.6431391251294488,
      "sobifix_nmse_median": 0.6482298077746955,
      "baseline_all": [
        0.6208873146577516,
        0.8009218478522395,
        0.6431391251294488,
        0.7376325729371936,
        0.6385105490677037
      ],
      "sobifix_all": [
        0.8069266157766558,
        0.6860642616389006,
        0.6068628853417138,
        0.6482298077746955,
        0.6292218686458179
      ],
      "sobi_quality": 0.22439200912354396,
      "cap_baseline": 0.37686696884882814,
      "cap_sobifix": 0.3714908957823106
    },
    {
      "medium": "multi",
      "photons": null,
      "oracle_nmse": 7.400975155594904e-08,
      "frozen_knownmedium_nmse": 0.02906788945122597,
      "trueZ_seed_nmse": 0.6423109981644671,
      "baseline_nmse_median": 0.699677186432643,
      "sobifix_nmse_median": 0.7075308737908564,
      "baseline_all": [
        0.5307281872591427,
        0.9893867510151857,
        0.560359643759076,
        0.699677186432643,
        0.723169723404846
      ],
      "sobifix_all": [
        0.7435965000364585,
        1.0346884791021473,
        0.557536151675314,
        0.7075308737908564,
        0.6191863217736463
      ],
      "sobi_quality": 0.28268797123710626,
      "cap_baseline": 0.30032283579417546,
      "cap_sobifix": 0.2924691478547125
    },
    {
      "medium": "multi",
      "photons": 1000000.0,
      "oracle_nmse": 0.02953317495530822,
      "frozen_knownmedium_nmse": 0.06070195986731094,
      "trueZ_seed_nmse": 0.6471378933637425,
      "baseline_nmse_median": 0.7029706541044317,
      "sobifix_nmse_median": 0.6511050298636772,
      "baseline_all": [
        0.7309180400076929,
        0.5228736966549187,
        0.7108415423372597,
        0.6768091189025733,
        0.7029706541044317
      ],
      "sobifix_all": [
        0.686990044168752,
        0.5518138451897999,
        0.8061459185889921,
        0.6459687466567089,
        0.6511050298636772
      ],
      "sobi_quality": 0.264236972816002,
      "cap_baseline": 0.3060685210768431,
      "cap_sobifix": 0.35951251617514646
    },
    {
      "medium": "multi",
      "photons": 100000.0,
      "oracle_nmse": 0.04839842628743816,
      "frozen_knownmedium_nmse": 0.07601506940983858,
      "trueZ_seed_nmse": 0.6987196239073852,
      "baseline_nmse_median": 0.6935387981886507,
      "sobifix_nmse_median": 0.6442858272326514,
      "baseline_all": [
        0.7770566619272476,
        0.6935387981886507,
        0.649081186747447,
        0.4560615846418166,
        0.8910534671400977
      ],
      "sobifix_all": [
        0.6442858272326514,
        0.7790611039169633,
        0.5130659438355873,
        0.584692988759465,
        0.668455187512834
      ],
      "sobi_quality": 0.2495884625885637,
      "cap_baseline": 0.3220478089540425,
      "cap_sobifix": 0.37380578447298224
    }
  ]
}