{
  "results": [
    {
      "T": 512,
      "fresh_wall": 0.9999999999285182,
      "moment": 0.6498570043790791,
      "mle": 0.5053665173039762,
      "oracle": 0.3889091536389621,
      "moment_all": [
        0.9529026863259554,
        0.6498570043790791,
        0.5968473853100993
      ],
      "mle_all": [
        0.7521877435946812,
        0.5053665173039762,
        0.5043756982761335
      ],
      "oracle_all": [
        0.37459873405617583,
        0.5041821566156349,
        0.3889091536389621
      ]
    },
    {
      "T": 1024,
      "fresh_wall": 1.0000000001100766,
      "moment": 0.5467290010172933,
      "mle": 0.439027900510573,
      "oracle": 0.2214226598112187,
      "moment_all": [
        0.8156499957217116,
        0.4314843866356477,
        0.5467290010172933
      ],
      "mle_all": [
        0.7293378518066767,
        0.27581050382081623,
        0.439027900510573
      ],
      "oracle_all": [
        0.19218498388709424,
        0.2823767911986125,
        0.2214226598112187
      ]
    },
    {
      "T": 2048,
      "fresh_wall": 1.0000000001808687,
      "moment": 0.4795555530242396,
      "mle": 0.48059849006875727,
      "oracle": 0.09120821432247254,
      "moment_all": [
        0.5755976194887275,
        0.4783744630993554,
        0.4795555530242396
      ],
      "mle_all": [
        0.48059849006875727,
        0.4162168584243045,
        0.4852069673251101
      ],
      "oracle_all": [
        0.10295861887113524,
        0.09120821432247254,
        0.07887656666171045
      ]
    }
  ],
  "wall_s": 612.2367763519287
}