{
  "combos": {
    "GAM4|0|SAT30|10000": 14.2,
    "GAM4|0|SAT50|10000": 8.9,
    "GAM4|0|GAMMA07|10000": 8.6,
    "GAM4|0|LOG|10000": 8.8,
    "GAM4|1|SAT30|10000": 9.5,
    "GAM4|1|SAT50|10000": 8.7,
    "GAM4|1|GAMMA07|10000": 8.4,
    "GAM4|1|LOG|10000": 8.4,
    "GAM4|2|SAT30|10000": 8.4,
    "GAM4|2|SAT50|10000": 8.9,
    "GAM4|2|GAMMA07|10000": 8.6,
    "GAM4|2|LOG|10000": 8.5,
    "GAM8|0|SAT30|10000": 8.5,
    "GAM8|0|SAT50|10000": 9.2,
    "GAM8|0|GAMMA07|10000": 8.5,
    "GAM8|0|LOG|10000": 8.4,
    "GAM8|1|SAT30|10000": 8.7,
    "GAM8|1|SAT50|10000": 9.2,
    "GAM8|1|GAMMA07|10000": 9.3,
    "GAM8|1|LOG|10000": 9.0,
    "GAM8|2|SAT30|10000": 8.4,
    "GAM8|2|SAT50|10000": 9.1,
    "GAM8|2|GAMMA07|10000": 8.4,
    "GAM8|2|LOG|10000": 8.4,
    "CORR-LOGN|0|SAT30|10000": 18.1,
    "CORR-LOGN|0|SAT50|10000": 10.2,
    "CORR-LOGN|0|GAMMA07|10000": 24.3,
    "CORR-LOGN|0|LOG|10000": 10.4,
    "CORR-LOGN|1|SAT30|10000": 16.2,
    "CORR-LOGN|1|SAT50|10000": 10.0,
    "CORR-LOGN|1|GAMMA07|10000": 20.9,
    "CORR-LOGN|1|LOG|10000": 17.4,
    "CORR-LOGN|2|SAT30|10000": 17.4,
    "CORR-LOGN|2|SAT50|10000": 8.5,
    "CORR-LOGN|2|GAMMA07|10000": 20.0,
    "CORR-LOGN|2|LOG|10000": 18.7,
    "MIX-LOGN|0|SAT30|10000": 72.7,
    "MIX-LOGN|0|SAT50|10000": 11.0,
    "MIX-LOGN|0|GAMMA07|10000": 24.0,
    "MIX-LOGN|0|LOG|10000": 18.1,
    "MIX-LOGN|1|SAT30|10000": 76.6,
    "MIX-LOGN|1|SAT50|10000": 13.5,
    "MIX-LOGN|1|GAMMA07|10000": 25.3,
    "MIX-LOGN|1|LOG|10000": 20.5,
    "MIX-LOGN|2|SAT30|10000": 79.4,
    "MIX-LOGN|2|SAT50|10000": 12.1,
    "MIX-LOGN|2|GAMMA07|10000": 23.1,
    "MIX-LOGN|2|LOG|10000": 21.8
  },
  "cluster_acc": {
    "MIX-LOGN|0": 0.506,
    "MIX-LOGN|1": 0.50165,
    "MIX-LOGN|2": 0.50025
  },
  "n_dropped": {
    "GAM4|0": 0,
    "GAM4|1": 0,
    "GAM4|2": 0,
    "GAM8|0": 0,
    "GAM8|1": 0,
    "GAM8|2": 0,
    "CORR-LOGN|0": 0,
    "CORR-LOGN|1": 0,
    "CORR-LOGN|2": 0,
    "MIX-LOGN|0": 0,
    "MIX-LOGN|1": 0,
    "MIX-LOGN|2": 0
  },
  "aborted_over_budget": false,
  "wall_accum_s": 1448.1,
  "ext_only": true,
  "wall_s": 1448.1,
  "process_cpu_s": 11686.6
}