{
  "per_readout": {
    "plain": {
      "GAM4|L4": {
        "cv_bins": {
          "0.02": {
            "mean_vs_L2": 1.036737083333333,
            "mean_vs_GLOBAL": 2.06081625,
            "n_pos_vs_L2": 8,
            "n_pos_vs_GLOBAL": 8,
            "pass": true
          },
          "0.05": {
            "mean_vs_L2": 0.8482562499999999,
            "mean_vs_GLOBAL": 3.9831783625000003,
            "n_pos_vs_L2": 8,
            "n_pos_vs_GLOBAL": 8,
            "pass": true
          },
          "0.1": {
            "mean_vs_L2": 0.43847749999999996,
            "mean_vs_GLOBAL": 3.9212122916666665,
            "n_pos_vs_L2": 8,
            "n_pos_vs_GLOBAL": 8,
            "pass": true
          }
        },
        "n_cv_pass": 3,
        "crossover": true
      },
      "GAM4|L8": {
        "cv_bins": {
          "0.02": {
            "mean_vs_L2": 1.4015545833333336,
            "mean_vs_GLOBAL": 2.4256337500000003,
            "n_pos_vs_L2": 8,
            "n_pos_vs_GLOBAL": 8,
            "pass": true
          },
          "0.05": {
            "mean_vs_L2": 0.9223008333333327,
            "mean_vs_GLOBAL": 4.057222945833333,
            "n_pos_vs_L2": 8,
            "n_pos_vs_GLOBAL": 8,
            "pass": true
          },
          "0.1": {
            "mean_vs_L2": 0.07507458333333344,
            "mean_vs_GLOBAL": 3.557809375,
            "n_pos_vs_L2": 6,
            "n_pos_vs_GLOBAL": 8,
            "pass": false
          }
        },
        "n_cv_pass": 2,
        "crossover": true
      },
      "GAM4|L16": {
        "cv_bins": {
          "0.02": {
            "mean_vs_L2": 1.4678654166666676,
            "mean_vs_GLOBAL": 2.4919445833333342,
            "n_pos_vs_L2": 8,
            "n_pos_vs_GLOBAL": 8,
            "pass": true
          },
          "0.05": {
            "mean_vs_L2": 0.5084612500000001,
            "mean_vs_GLOBAL": 3.6433833625,
            "n_pos_vs_L2": 8,
            "n_pos_vs_GLOBAL": 8,
            "pass": true
          },
          "0.1": {
            "mean_vs_L2": -0.6396095833333336,
            "mean_vs_GLOBAL": 2.8431252083333334,
            "n_pos_vs_L2": 0,
            "n_pos_vs_GLOBAL": 8,
            "pass": false
          }
        },
        "n_cv_pass": 2,
        "crossover": true
      },
      "GAM4|L32": {
        "cv_bins": {
          "0.02": {
            "mean_vs_L2": 1.2970579166666667,
            "mean_vs_GLOBAL": 2.321137083333334,
            "n_pos_vs_L2": 8,
            "n_pos_vs_GLOBAL": 8,
            "pass": true
          },
          "0.05": {
            "mean_vs_L2": -0.18705000000000027,
            "mean_vs_GLOBAL": 2.9478721125,
            "n_pos_vs_L2": 0,
            "n_pos_vs_GLOBAL": 8,
            "pass": false
          },
          "0.1": {
            "mean_vs_L2": -1.4520628750000002,
            "mean_vs_GLOBAL": 2.0306719166666665,
            "n_pos_vs_L2": 0,
            "n_pos_vs_GLOBAL": 8,
            "pass": false
          }
        },
        "n_cv_pass": 1,
        "crossover": false
      },
      "GAM4|L64": {
        "cv_bins": {
          "0.02": {
            "mean_vs_L2": 0.9305566666666661,
            "mean_vs_GLOBAL": 1.9546358333333331,
            "n_pos_vs_L2": 8,
            "n_pos_vs_GLOBAL": 8,
            "pass": true
          },
          "0.05": {
            "mean_vs_L2": -1.03340875,
            "mean_vs_GLOBAL": 2.1015133625,
            "n_pos_vs_L2": 0,
            "n_pos_vs_GLOBAL": 8,
            "pass": false
          },
          "0.1": {
            "mean_vs_L2": -2.1849372750000002,
            "mean_vs_GLOBAL": 1.2977975166666669,
            "n_pos_vs_L2": 0,
            "n_pos_vs_GLOBAL": 8,
            "pass": false
          }
        },
        "n_cv_pass": 1,
        "crossover": false
      },
      "MIX-LOGN|L4": {
        "cv_bins": {
          "0.02": {
            "mean_vs_L2": 0.2811499999999998,
            "mean_vs_GLOBAL": -0.05369166666666714,
            "n_pos_vs_L2": 8,
            "n_pos_vs_GLOBAL": 0,
            "pass": false
          },
          "0.05": {
            "mean_vs_L2": 0.2822416666666663,
            "mean_vs_GLOBAL": 0.19359583333333386,
            "n_pos_vs_L2": 8,
            "n_pos_vs_GLOBAL": 7,
            "pass": false
          },
          "0.1": {
            "mean_vs_L2": 0.2851083333333331,
            "mean_vs_GLOBAL": 1.0738041666666662,
            "n_pos_vs_L2": 8,
            "n_pos_vs_GLOBAL": 8,
            "pass": false
          }
        },
        "n_cv_pass": 0,
        "crossover": false
      },
      "MIX-LOGN|L8": {
        "cv_bins": {
          "0.02": {
            "mean_vs_L2": 0.33197083333333444,
            "mean_vs_GLOBAL": -0.00287083333333249,
            "n_pos_vs_L2": 8,
            "n_pos_vs_GLOBAL": 3,
            "pass": false
          },
          "0.05": {
            "mean_vs_L2": 0.321920833333333,
            "mean_vs_GLOBAL": 0.23327500000000057,
            "n_pos_vs_L2": 8,
            "n_pos_vs_GLOBAL": 7,
            "pass": false
          },
          "0.1": {
            "mean_vs_L2": 0.31927083333333295,
            "mean_vs_GLOBAL": 1.107966666666666,
            "n_pos_vs_L2": 8,
            "n_pos_vs_GLOBAL": 8,
            "pass": true
          }
        },
        "n_cv_pass": 1,
        "crossover": false
      },
      "MIX-LOGN|L16": {
        "cv_bins": {
          "0.02": {
            "mean_vs_L2": 0.37294583333333353,
            "mean_vs_GLOBAL": 0.038104166666666606,
            "n_pos_vs_L2": 8,
            "n_pos_vs_GLOBAL": 7,
            "pass": false
          },
          "0.05": {
            "mean_vs_L2": 0.34432083333333274,
            "mean_vs_GLOBAL": 0.2556750000000003,
            "n_pos_vs_L2": 8,
            "n_pos_vs_GLOBAL": 7,
            "pass": false
          },
          "0.1": {
            "mean_vs_L2": 0.32279166666666637,
            "mean_vs_GLOBAL": 1.1114874999999995,
            "n_pos_vs_L2": 8,
            "n_pos_vs_GLOBAL": 8,
            "pass": true
          }
        },
        "n_cv_pass": 1,
        "crossover": false
      },
      "MIX-LOGN|L32": {
        "cv_bins": {
          "0.02": {
            "mean_vs_L2": 0.38438749999999966,
            "mean_vs_GLOBAL": 0.049545833333332734,
            "n_pos_vs_L2": 8,
            "n_pos_vs_GLOBAL": 8,
            "pass": false
          },
          "0.05": {
            "mean_vs_L2": 0.3403874999999996,
            "mean_vs_GLOBAL": 0.2517416666666672,
            "n_pos_vs_L2": 8,
            "n_pos_vs_GLOBAL": 8,
            "pass": false
          },
          "0.1": {
            "mean_vs_L2": 0.27460833333333423,
            "mean_vs_GLOBAL": 1.0633041666666674,
            "n_pos_vs_L2": 8,
            "n_pos_vs_GLOBAL": 8,
            "pass": false
          }
        },
        "n_cv_pass": 0,
        "crossover": false
      },
      "MIX-LOGN|L64": {
        "cv_bins": {
          "0.02": {
            "mean_vs_L2": 0.3787416666666672,
            "mean_vs_GLOBAL": 0.04390000000000027,
            "n_pos_vs_L2": 8,
            "n_pos_vs_GLOBAL": 8,
            "pass": false
          },
          "0.05": {
            "mean_vs_L2": 0.326141666666667,
            "mean_vs_GLOBAL": 0.23749583333333457,
            "n_pos_vs_L2": 8,
            "n_pos_vs_GLOBAL": 8,
            "pass": false
          },
          "0.1": {
            "mean_vs_L2": 0.16259166666666647,
            "mean_vs_GLOBAL": 0.9512874999999996,
            "n_pos_vs_L2": 7,
            "n_pos_vs_GLOBAL": 8,
            "pass": false
          }
        },
        "n_cv_pass": 0,
        "crossover": false
      }
    },
    "whiten": {
      "GAM4|L4": {
        "cv_bins": {
          "0.02": {
            "mean_vs_L2": 0.8176649999999996,
            "mean_vs_GLOBAL": 2.6106279166666666,
            "n_pos_vs_L2": 8,
            "n_pos_vs_GLOBAL": 8,
            "pass": true
          },