{
  "meta": {
    "utc": "2026-07-22 16:04:52Z",
    "python": "3.11.5",
    "numpy": "1.24.4",
    "method_attempt1": "parametric bootstrap (percentile + log-space pivotal)",
    "method_attempt2": "Whittle profile-likelihood LR interval in (log t_c, log CV)",
    "n_seed": 34,
    "records_per_cell": 204,
    "n_boot": 200,
    "target": "95% coverage in [0.92,0.98] on all interior cells",
    "runtime_s": 3382.940132379532
  },
  "interior": {
    "tc16_cv5": {
      "tc": 16.0,
      "cv": 0.05,
      "n": 204,
      "cover_profile_tc": 0.8921568627450981,
      "cover_profile_cv": 1.0,
      "cover_boot_pivot_tc": 0.9362745098039216,
      "cover_boot_pivot_cv": 0.9509803921568627,
      "profile_width_tc_med": 11.014687311410603,
      "profile_width_cv_med": 0.01829265165271381
    },
    "tc16_cv15": {
      "tc": 16.0,
      "cv": 0.15,
      "n": 204,
      "cover_profile_tc": 0.9803921568627451,
      "cover_profile_cv": 1.0,
      "cover_boot_pivot_tc": 0.9558823529411765,
      "cover_boot_pivot_cv": 0.9607843137254902,
      "profile_width_tc_med": 12.780272172885375,
      "profile_width_cv_med": 0.058578560738046195
    },
    "tc16_cv40": {
      "tc": 16.0,
      "cv": 0.4,
      "n": 204,
      "cover_profile_tc": 0.8480392156862745,
      "cover_profile_cv": 1.0,
      "cover_boot_pivot_tc": 0.9656862745098039,
      "cover_boot_pivot_cv": 0.9901960784313726,
      "profile_width_tc_med": 14.829532223863412,
      "profile_width_cv_med": 0.1798935487795285
    },
    "tc64_cv5": {
      "tc": 64.0,
      "cv": 0.05,
      "n": 204,
      "cover_profile_tc": 0.8676470588235294,
      "cover_profile_cv": 0.9852941176470589,
      "cover_boot_pivot_tc": 0.8627450980392157,
      "cover_boot_pivot_cv": 0.8970588235294118,
      "profile_width_tc_med": 93.68717733876731,
      "profile_width_cv_med": 0.045252123998638594
    },
    "tc64_cv15": {
      "tc": 64.0,
      "cv": 0.15,
      "n": 204,
      "cover_profile_tc": 0.9558823529411765,
      "cover_profile_cv": 1.0,
      "cover_boot_pivot_tc": 0.9068627450980392,
      "cover_boot_pivot_cv": 0.9068627450980392,
      "profile_width_tc_med": 190.69976011700425,
      "profile_width_cv_med": 0.19034107522867919
    },
    "tc64_cv40": {
      "tc": 64.0,
      "cv": 0.4,
      "n": 204,
      "cover_profile_tc": 0.9901960784313726,
      "cover_profile_cv": 1.0,
      "cover_boot_pivot_tc": 0.9117647058823529,
      "cover_boot_pivot_cv": 0.9117647058823529,
      "profile_width_tc_med": 297.4169255923539,
      "profile_width_cv_med": 0.7718626417336625
    }
  },
  "edge_excluded": {
    "tc2_cv5": {
      "tc": 2.0,
      "cv": 0.05,
      "n": 204,
      "cover_profile_tc": 0.9313725490196079,
      "cover_profile_cv": 0.9656862745098039,
      "cover_boot_pivot_tc": 0.0,
      "cover_boot_pivot_cv": 0.0,
      "profile_width_tc_med": 0.8304652135276614,
      "profile_width_cv_med": 0.007619812211302802
    },
    "tc2_cv15": {
      "tc": 2.0,
      "cv": 0.15,
      "n": 204,
      "cover_profile_tc": 0.3382352941176471,
      "cover_profile_cv": 0.8921568627450981,
      "cover_boot_pivot_tc": 0.0,
      "cover_boot_pivot_cv": 0.0,
      "profile_width_tc_med": 0.7695419268056433,
      "profile_width_cv_med": 0.018864139260866997
    },
    "tc2_cv40": {
      "tc": 2.0,
      "cv": 0.4,
      "n": 204,
      "cover_profile_tc": 0.39215686274509803,
      "cover_profile_cv": 0.9215686274509803,
      "cover_boot_pivot_tc": 0.0,
      "cover_boot_pivot_cv": 0.0,
      "profile_width_tc_med": 0.8911980468145135,
      "profile_width_cv_med": 0.05847146058362926
    }
  },
  "interior_profile_coverages": [
    0.8921568627450981,
    0.9803921568627451,
    0.8480392156862745,
    0.8676470588235294,
    0.9558823529411765,
    0.9901960784313726,
    1.0,
    1.0,
    1.0,
    0.9852941176470589,
    1.0,
    1.0
  ],
  "interior_all_in_92_98": false,
  "bar4_verdict": "FAIL"
}