{
  "meta": {
    "utc": "2026-07-22 14:17:30Z",
    "python": "3.11.5",
    "numpy": "1.24.4",
    "scenes": [
      "bridge_contour_1",
      "bridge_microtex_1",
      "bridge_twopop_1",
      "bridge_control_2",
      "bridge_contour_3",
      "bridge_microtex_3"
    ],
    "seeds": [
      0,
      1,
      2,
      3,
      4
    ],
    "tc_grid": [
      2.0,
      16.0,
      64.0
    ],
    "cv_grid": [
      0.05,
      0.15,
      0.4
    ],
    "PHI": 11.937545224517935,
    "N_EXP": 2048,
    "TARGET_COUNTS": 2200.0,
    "scene_sha": {
      "bridge_contour_1": "a1ac21fd27b78ca89e77cee2d2c791358da70bb86eeab024cd6937c836a0983a",
      "bridge_microtex_1": "68709da2c67b61dd17dd9ff7d8a23b4f8e775bab53f2806e9a44861125dd8fc9",
      "bridge_twopop_1": "fec77c8adc04fd6f232ecfc2379086c584522e35d567f61aa4f5946d02ac5f40",
      "bridge_control_2": "4105ccc55e70f4c9d4c0f82b1bb01bd23494ecf8526fb2ce02b9caa39a79e019",
      "bridge_contour_3": "05a6992787ac80b969971cbfad32a5bfaeeb2b2a298f1f8e0a5d3ab014678053",
      "bridge_microtex_3": "d67a92c17ca4a23ba6c17f52688e53e127cf7366ecd2ef5ddc64cddbfb186099"
    },
    "runtime_s": 133.0399525165558
  },
  "grid": {
    "tc2_cv5": {
      "tc_true": 2.0,
      "cv_true": 0.05,
      "sigma_l": 0.049968792246632754,
      "n": 30,
      "pf_tc_med": 2.0047106172973415,
      "pf_tc_relerr_med": 0.0023553086486708397,
      "pf_tc_absrelerr_med": 0.06282793516809593,
      "pf_cv_med": 0.051319041424277304,
      "pf_cv_relerr_med": 0.026380828485546015,
      "pf_cv_absrelerr_med": 0.03111555563968589,
      "pf_gaincorr_med": 0.9071888402748371,
      "pf_scene_psnr_med": 14.7043420881157,
      "lin_scene_psnr_med": 15.237048390462695,
      "scene_delta_db": 0.8721043543868232,
      "pilot_tc_med": 20.412227002033553,
      "pilot_tc_relerr_med": 9.206113501016777,
      "pilot_cv_med": 0.04023191779159341,
      "pilot_scene_psnr_med": 14.526490422019599,
      "oracle_tc_med": 1.8931092812756862,
      "oracle_cv_med": 0.05207737155101922,
      "pf_tc_rmse": 0.21929490130274115,
      "pilot_tc_rmse": 22.922354529059973,
      "oracle_tc_rmse": 0.1766107814464787,
      "pf_cv_rmse": 0.0021531785184356416,
      "pilot_cv_rmse": 0.010884744465290095,
      "oracle_cv_rmse": 0.0017741963054625134,
      "ratio_tc_pf_over_pilot": 0.009566857585451291,
      "ratio_cv_pf_over_pilot": 0.19781617522596165,
      "ratio_tc_pf_over_oracle": 1.2416846780625208,
      "ratio_cv_pf_over_oracle": 1.213607824459048,
      "floor_tc_rel": 0.05793115911328784,
      "floor_cv_rel": 0.022984972023064078,
      "resid_whitened_std_med": 0.9170684298714447,
      "resid_lag1_ac_med": 0.05400572380399565,
      "gauge_tc_shift_med": 1.6898649071848344e-15,
      "gauge_cv_shift_med": 6.719077217056902e-16
    },
    "tc2_cv15": {
      "tc_true": 2.0,
      "cv_true": 0.15,
      "sigma_l": 0.14916638004195087,
      "n": 30,
      "pf_tc_med": 2.135714884125682,
      "pf_tc_relerr_med": 0.06785744206284117,
      "pf_tc_absrelerr_med": 0.07145140911172454,
      "pf_cv_med": 0.15480777230526194,
      "pf_cv_relerr_med": 0.03205181536841286,
      "pf_cv_absrelerr_med": 0.03205181536841286,
      "pf_gaincorr_med": 0.9759287462480586,
      "pf_scene_psnr_med": 9.9399080662571,
      "lin_scene_psnr_med": 7.767183666464791,
      "scene_delta_db": 1.6306940122424383,
      "pilot_tc_med": 17.16582601998033,
      "pilot_tc_relerr_med": 7.582913009990166,
      "pilot_cv_med": 0.12222295940932201,
      "pilot_scene_psnr_med": 7.500204954458944,
      "oracle_tc_med": 1.8931092812756842,
      "oracle_cv_med": 0.15629776384877822,
      "pf_tc_rmse": 0.17393358187060887,
      "pilot_tc_rmse": 20.66800553073468,
      "oracle_tc_rmse": 0.17661078144647746,
      "pf_cv_rmse": 0.005047053806987841,
      "pilot_cv_rmse": 0.030318828278720813,
      "oracle_cv_rmse": 0.005378823974747534,
      "ratio_tc_pf_over_pilot": 0.008415595864436859,
      "ratio_cv_pf_over_pilot": 0.16646599138298832,
      "ratio_tc_pf_over_oracle": 0.9848412449458532,
      "ratio_cv_pf_over_oracle": 0.9383191996396824,
      "floor_tc_rel": 0.05793115911328784,
      "floor_cv_rel": 0.022984972023064078,
      "resid_whitened_std_med": 0.8859607653010737,
      "resid_lag1_ac_med": 0.10536159220880956,
      "gauge_tc_shift_med": 1.1637596994279093e-15,
      "gauge_cv_shift_med": 4.486285040170591e-16,
      "coverage_tc_95": 0.7333333333333333,
      "coverage_cv_95": 0.9,
      "coverage_n": 30
    },
    "tc2_cv40": {
      "tc_true": 2.0,
      "cv_true": 0.4,
      "sigma_l": 0.38525317015992666,
      "n": 30,
      "pf_tc_med": 2.8078530755095166,
      "pf_tc_relerr_med": 0.4039265377547584,
      "pf_tc_absrelerr_med": 0.4039265377547584,
      "pf_cv_med": 0.4229101891204645,
      "pf_cv_relerr_med": 0.05727547280116131,
      "pf_cv_absrelerr_med": 0.05727547280116131,
      "pf_gaincorr_med": 0.9928877055010027,
      "pf_scene_psnr_med": 0.2972471142194524,
      "lin_scene_psnr_med": -0.4956529885004697,
      "scene_delta_db": 0.8268341911367152,
      "pilot_tc_med": 17.093181902447416,
      "pilot_tc_relerr_med": 7.546590951223708,
      "pilot_cv_med": 0.31938884461722133,
      "pilot_scene_psnr_med": -2.625998829861791,
      "oracle_tc_med": 1.8931092812756842,
      "oracle_cv_med": 0.4179422252881363,
      "pf_tc_rmse": 0.7822054934066387,
      "pilot_tc_rmse": 18.749674815521896,
      "oracle_tc_rmse": 0.17661078144647774,
      "pf_cv_rmse": 0.021065586172005234,
      "pilot_cv_rmse": 0.08404208497901998,
      "oracle_cv_rmse": 0.015327215164199364,
      "ratio_tc_pf_over_pilot": 0.04171834984354453,
      "ratio_cv_pf_over_pilot": 0.25065520658208307,
      "ratio_tc_pf_over_oracle": 4.428979289940392,
      "ratio_cv_pf_over_oracle": 1.374390973593775,
      "floor_tc_rel": 0.05793115911328784,
      "floor_cv_rel": 0.022984972023064078,
      "resid_whitened_std_med": 0.9695038021121966,
      "resid_lag1_ac_med": 0.006029196503726392,
      "gauge_tc_shift_med": 6.974485476656111e-16,
      "gauge_cv_shift_med": 1.9892840992104158e-16
    },
    "tc16_cv5": {
      "tc_true": 16.0,
      "cv_true": 0.05,
      "sigma_l": 0.049968792246632754,
      "n": 30,
      "pf_tc_med": 15.205887447662606,
      "pf_tc_relerr_med": -0.04963203452108711,
      "pf_tc_absrelerr_med": 0.09139805891141878,
      "pf_cv_med": 0.05084578161983378,
      "pf_cv_relerr_med": 0.016915632396675567,
      "pf_cv_absrelerr_med": 0.04103943088702301,
      "pf_gaincorr_med": 0.9591368832335134,
      "pf_scene_psnr_med": 16.47340415829275,
      "lin_scene_psnr_med": 16.669878668822438,
      "scene_delta_db": -0.03667445965738203,
      "pilot_tc_med": 17.112193703475107,
      "pilot_tc_relerr_med": 0.06951210646719419,
      "pilot_cv_med": 0.04650160774098533,
      "pilot_scene_psnr_med": 15.936712104446602,
      "oracle_tc_med": 15.327197883103912,
      "oracle_cv_med": 0.049372204543010244,
      "pf_tc_rmse": 2.5039562099658927,
      "pilot_tc_rmse": 3.9895364315298574,
      "oracle_tc_rmse": 2.648168661128797,
      "pf_cv_rmse": 0.003235675012013641,
      "pilot_cv_rmse": 0.0057238649456729735,
      "oracle_cv_rmse": 0.0027498155229123433,
      "ratio_tc_pf_over_pilot": 0.6276308671295193,
      "ratio_cv_pf_over_pilot": 0.5652954852576823,
      "ratio_tc_pf_over_oracle": 0.9455425731450832,
      "ratio_cv_pf_over_oracle": 1.1766880305434895,
      "floor_tc_rel": 0.12900990905102325,
      "floor_cv_rel": 0.06254066628175418,
      "resid_whitened_std_med": 0.9518542078518016,
      "resid_lag1_ac_med": 0.03911553891904024,
      "gauge_tc_shift_med": 3.1556712244530978e-15,
      "gauge_cv_shift_med": 0.0
    },
    "tc16_cv15": {
      "tc_true": 16.0,
      "cv_true": 0.15,
      "sigma_l": 0.14916638004195087,
      "n": 30,
      "pf_tc_med": 15.892885369841732,
      "pf_tc_relerr_med": -0.006694664384891691,
      "pf_tc_absrelerr_med": 0.053952768103932736,
      "pf_cv_med": 0.15100227953898776,