{
  "test": "IT4b_spectrum_trade",
  "ref": "coordinator follow-up to IT4",
  "params": {
    "z1_mm": [
      0.0,
      2.0,
      5.0,
      10.0
    ],
    "n_in": 120,
    "n_be": 240,
    "thresholds": [
      1e-05,
      0.0001,
      0.001
    ]
  },
  "results": {
    "joint_spectrum": {
      "rel_leak_vs_d": {
        "1": 1.4251808018964493e-06,
        "2": 1.4251808475311113e-06,
        "3": 1.9109643602492965e-06,
        "4": 4.234891763850391e-06,
        "5": 7.477012665160334e-06,
        "6": 7.872733155484285e-06,
        "7": 7.872733164095553e-06,
        "8": 9.003415312702951e-06,
        "9": 1.1434012397741843e-05,
        "10": 1.314445292977154e-05,
        "11": 1.314445296816156e-05,
        "12": 1.3233326775832e-05,
        "13": 1.466330709886207e-05,
        "14": 1.4894256730733274e-05,
        "15": 1.7315957998949184e-05,
        "16": 1.816787944805094e-05,
        "17": 1.81678795576672e-05,
        "18": 1.854038362162272e-05,
        "19": 1.8603714246087053e-05,
        "20": 2.0316238749483406e-05,
        "24": 2.6042673404626002e-05,
        "32": 8.590802461831897e-05,
        "40": 0.00010195948274049815,
        "48": 0.00014261533693345197,
        "56": 0.000287850721532181,
        "64": 0.0004991331772045465,
        "80": 0.0008595169283131499,
        "96": 0.003480235747652115,
        "112": 0.08284716439586556,
        "120": 0.11253837413313195
      },
      "d_at_1e5": 8,
      "d_at_1e4": 35,
      "d_at_1e3": 80
    },
    "gate_statistic_variants": {
      "d32": {
        "max_leak": 8.590802461831897e-05,
        "median_leak": 1.8167879502859068e-05,
        "rms_random_combo": 4.39795111832163e-05,
        "median_random_combo": 4.3217521182972833e-05
      },
      "d48": {
        "max_leak": 0.00014261533693345197,
        "median_leak": 5.544942704497538e-05,
        "rms_random_combo": 7.236076076032396e-05,
        "median_random_combo": 7.156941958153638e-05
      },
      "d64": {
        "max_leak": 0.0004991331772045465,
        "median_leak": 8.618575278917585e-05,
        "rms_random_combo": 0.00016753545990570173,
        "median_random_combo": 0.00016488534363305789
      },
      "d96": {
        "max_leak": 0.003480235747652115,
        "median_leak": 0.00020002097463986217,
        "rms_random_combo": 0.0012807124083115803,
        "median_random_combo": 0.0012685972408237483
      }
    },
    "per_z1_vs_joint": {
      "z1_0_only_d_at_1e4": 80,
      "z1_0_only_d_at_1e5": 80,
      "joint_d_at_1e4": 35,
      "joint_d_at_1e5": 8,
      "single_z1_gain": 45
    },
    "window_apodized": {
      "joint_noapod_d_at_1e4": 35,
      "joint_apod_d_at_1e4": 24,
      "joint_noapod_d_at_1e5": 8,
      "joint_apod_d_at_1e5": 3,
      "apod_rel_leak_at_d64": 0.04655081670259677,
      "noapod_rel_leak_at_d64": 0.0004991331772045465
    },
    "ridge_sanity": {
      "ridge_0": {
        "bottom5": [
          1.4251808018964493e-06,
          1.4251808475311113e-06,
          1.9109643602492965e-06,
          4.234891763850391e-06,
          7.477012665160334e-06
        ],
        "d_at_1e4": 35
      },
      "ridge_1e-08": {
        "bottom5": [
          1.4251809617741875e-06,
          1.4251810331175598e-06,
          1.9109644280037936e-06,
          4.2348916710993475e-06,
          7.477012590751684e-06
        ],
        "d_at_1e4": 35
      },
      "ridge_1e-06": {
        "bottom5": [
          1.4251802551032338e-06,
          1.4251802887410403e-06,
          1.910963777166281e-06,
          4.2348896864094845e-06,
          7.477008995063727e-06
        ],
        "d_at_1e4": 35
      }
    }
  },
  "verdict": {
    "joint_d_at_1e4": 35,
    "joint_d64_max_leak": 0.0004991331772045465,
    "joint_d64_rms_random_combo": 0.00016753545990570173,
    "single_z1_d_at_1e4": 80,
    "window_apod_joint_d_at_1e4": 24,
    "reading": "Gate-statistic-conservative: the d=64 MAX leak (4.99e-04) is dominated by the worst direction; the operationally-relevant RMS leak of random codes drawn from the d=64 subspace is 1.68e-04 (3x smaller). Joint d@1e-4=35; single-z1(relay-conjugate) d@1e-4=80 (gain +45); Tukey-window-apodized joint d@1e-4=24. Routes multiply."
  },
  "elapsed_s": 15.6
}