{
  "verdict": "MOONSHOT_SURVIVES",
  "checks": {
    "kl_order_generic_is_2": true,
    "kl_order_ortho_is_4": true,
    "orders_integer": true,
    "coef_generic_within_10pct": true,
    "coef_ortho_within_10pct": true,
    "crossover_within_25pct": true,
    "delay_slope_generic_near_-2": true,
    "delay_slope_ortho_near_-4": true,
    "mc_generic_m_near_1": true,
    "mc_ortho_m_near_2": true,
    "amplitude_collapse_to_zero": true,
    "collapse_persists_lags": true,
    "info_returns_with_anchor": true,
    "auc_returns_to_half_at_star": true,
    "local_visible_either_side": true,
    "cone_dQ_all_positive": true,
    "no_broad_blind_set": true
  },
  "kills": {
    "non_integer_contact_order": false,
    "eps4_class_vanished_not_expensive": false,
    "info_survives_collinear_amplitude": false,
    "broad_in_aperture_blind_set": false
  },
  "runtime_sec": 58.5,
  "config": {
    "N_SIDE": 32,
    "N": 1024,
    "PB": 3,
    "K_GRAIN": 13,
    "M": 36,
    "PHOT": 10000.0,
    "smoke": true
  },
  "directions": {
    "delta_g": {
      "c": 29.781978972805163,
      "d": 164.2607876870071,
      "dc": -3.4416913763379853e-15,
      "eps_cross": 0.3626182412999702
    },
    "delta_o": {
      "c": 1.9984014443252818e-15,
      "d": 137.43340529980347,
      "dc": -1.021405182655144e-14,
      "eps_cross": 2.908174238957229e-17
    },
    "delta_n": {
      "c": -3.0655730946145283e-06,
      "d": 44.194761648404594,
      "dc": 2.796374243274613e-15,
      "eps_cross": 1.387301562571135e-07
    },
    "delta_mix": {
      "c": 0.6871670264990182,
      "d": 137.50842594500375,
      "dc": 5.773159728050814e-15,
      "eps_cross": 0.009994544287400242
    }
  },
  "bank_A": {
    "K_F2": 0.000345976196131122,
    "eps": [
      0.001995262314968879,
      0.0024598526393410105,
      0.003032621305919525,
      0.0037387572889654302,
      0.004609314733266289,
      0.00568257863996962,
      0.007005748547909674,
      0.008637014254641438,
      0.010648114862349343,
      0.01312749368925199,
      0.016184187791840613,
      0.0199526231496888
    ],
    "per_dir": {
      "delta_g": {
        "c": 29.781978972805163,
        "d": 164.2607876870071,
        "eps_cross": 0.3626182412999702,
        "m_pred": 1,
        "kl_slope": 2.038075874150774,
        "bhatt_slope": 2.0373808194068483,
        "chernoff_slope": 2.0373811321460984,
        "kl": [
          1.2347034625188867e-06,
          1.8812657054897533e-06,
          2.868035574768995e-06,
          4.37544558107963e-06,
          6.680860889568851e-06,
          1.0211728212149335e-05,
          1.5628792458169506e-05,
          2.3957180312479433e-05,
          3.679434740729532e-05,
          5.6642668083299285e-05,
          8.744638101733616e-05,
          0.0001354676757015399
        ],
        "bhatt": [
          3.086201222463077e-07,
          4.7021158916974177e-07,
          7.168115579492689e-07,
          1.09348956182338e-06,
          1.6695136921196425e-06,
          2.5516064140468325e-06,
          3.904688320900286e-06,
          5.9845321888720275e-06,
          9.189522274010216e-06,
          1.4143355296112284e-05,
          2.1828392538614598e-05,
          3.380291093590713e-05
        ],
        "chernoff_star": [
          3.086201248433776e-07,
          4.7021159521621955e-07,
          7.168115715988966e-07,
          1.0934895935390209e-06,
          1.66951376575222e-06,
          2.551606586077874e-06,
          3.90468872348358e-06,
          5.984533134540301e-06,
          9.189524504139461e-06,
          1.4143360578160093e-05,
          2.1828405119998856e-05,
          3.380294110335886e-05
        ],
        "coef_pred": 0.3068692167228398,
        "coef_meas": 0.3101434874439091,
        "coef_ratio": 1.010669922372913
      },
      "delta_o": {
        "c": 1.9984014443252818e-15,
        "d": 137.43340529980347,
        "eps_cross": 2.908174238957229e-17,
        "m_pred": 2,
        "kl_slope": 3.9999413316792367,
        "bhatt_slope": 3.9999119968705945,
        "chernoff_slope": 3.999901395851601,
        "kl": [
          2.589226986036424e-11,
          5.98144501668719e-11,
          1.3817895721218208e-10,
          3.192106788164244e-10,
          7.374158430399134e-10,
          1.7035184221240293e-09,
          3.935321050757167e-09,
          9.091005655535133e-09,
          2.1001063759251357e-08,
          4.851399296018001e-08,
          1.120694444373361e-07,
          2.5888030648636007e-07
        ],
        "bhatt": [
          6.473062111707176e-12,
          1.4953593744624198e-11,
          3.454467330195041e-11,
          7.980243796377972e-11,
          1.843531470752079e-10,
          4.2587674855184785e-10,
          9.838202314115051e-10,
          2.272716192794584e-09,
          5.250142275304829e-09,
          1.2128064048836116e-08,
          2.8015836679941343e-08,
          6.471472458691044e-08
        ],
        "chernoff_star": [
          6.473247405775981e-12,
          1.4953654292670085e-11,
          3.4545613949786325e-11,
          7.980366211556802e-11,
          1.8435412750260947e-10,
          4.258773142395459e-10,
          9.83821023851379e-10,
          2.2727162064431435e-09,
          5.250142410275611e-09,
          1.2128064105631158e-08,
          2.8015836983819072e-08,
          6.471472557803682e-08
        ],
        "coef_pred": 1.6336944856668603,
        "coef_meas": 1.6336917833659987,
        "coef_ratio": 0.9999983458958298
      },
      "delta_n": {
        "c": -3.0655730946145283e-06,
        "d": 44.194761648404594,
        "eps_cross": 1.387301562571135e-07,
        "m_pred": 2,
        "kl_slope": 4.000032318841425,
        "bhatt_slope": 4.000022885245504,
        "chernoff_slope": 3.9995916957203783,
        "kl": [
          2.6771160282238677e-12,
          6.1846459790555074e-12,
          1.4287632746321885e-11,
          3.3006834041810664e-11,
          7.625106237672791e-11,
          1.7615158661772952e-10,
          4.069358519129298e-10,
          9.400784244757638e-10,
          2.1717050119206286e-09,
          5.016905425442068e-09,
          1.1589609755910332e-08,
          2.6773101290172146e-08
        ],
        "bhatt": [
          6.692788290979843e-13,
          1.5461608697246993e-12,
          3.5719059919032157e-12,
          8.251700805027032e-12,
          1.9062738538775045e-11,
          4.403780165560438e-11,
          1.0173362941534095e-10,
          2.3501843491479837e-10,
          5.4292214065378e-10,
          1.2542119172782534e-09,
          2.897351741351643e-09,
          6.693097318246293e-09
        ],
        "chernoff_star": [
          6.704270346449901e-13,
          1.547198850234041e-12,
          3.571946136050369e-12,
          8.252912479910828e-12,
          1.9063487339815864e-11,
          4.403790104557691e-11,
          1.0173378805412993e-10,
          2.350186201535983e-10,
          5.429231497323093e-10,
          1.254211910659485e-09,
          2.8973519872508132e-09,
          6.6930973511090535e-09
        ],
        "coef_pred": 0.16893818350223294,
        "coef_meas": 0.1689146020033496,
        "coef_ratio": 0.9998604134459452
      }
    },
    "crossover": {
      "c": 0.6871670264990182,
      "d": 137.50842594500375,
      "eps_cross_pred": 0.009994544287400242,
      "eps_cross_emp": 0.009997101340603162,
      "ratio": 1.0002558449019174,