{
  "verdict": "MOONSHOT_SURVIVES",
  "checks": {
    "kl_order_generic_is_2": true,
    "kl_order_ortho_is_4": true,
    "orders_integer": true,
    "coef_generic_within_10pct": true,
    "coef_ortho_within_10pct": true,
    "crossover_within_25pct": true,
    "delay_slope_generic_near_-2": true,
    "delay_slope_ortho_near_-4": true,
    "mc_generic_m_near_1": true,
    "mc_ortho_m_near_2": true,
    "amplitude_collapse_to_zero": true,
    "collapse_persists_lags": true,
    "info_returns_with_anchor": true,
    "auc_returns_to_half_at_star": true,
    "local_visible_either_side": true,
    "cone_dQ_all_positive": true,
    "no_broad_blind_set": true
  },
  "kills": {
    "non_integer_contact_order": false,
    "eps4_class_vanished_not_expensive": false,
    "info_survives_collinear_amplitude": false,
    "broad_in_aperture_blind_set": false
  },
  "runtime_sec": 963.3,
  "config": {
    "N_SIDE": 32,
    "N": 1024,
    "PB": 3,
    "K_GRAIN": 13,
    "M": 36,
    "PHOT": 10000.0,
    "smoke": false
  },
  "directions": {
    "delta_g": {
      "c": 29.781978972805163,
      "d": 164.2607876870071,
      "dc": -3.4416913763379853e-15,
      "eps_cross": 0.3626182412999702
    },
    "delta_o": {
      "c": 1.9984014443252818e-15,
      "d": 137.43340529980347,
      "dc": -1.021405182655144e-14,
      "eps_cross": 2.908174238957229e-17
    },
    "delta_n": {
      "c": -3.0655730946145283e-06,
      "d": 44.194761648404594,
      "dc": 2.796374243274613e-15,
      "eps_cross": 1.387301562571135e-07
    },
    "delta_mix": {
      "c": 0.6871670264990182,
      "d": 137.50842594500375,
      "dc": 5.773159728050814e-15,
      "eps_cross": 0.009994544287400242
    }
  },
  "bank_A": {
    "K_F2": 0.000345976196131122,
    "eps": [
      0.0005011872336272725,
      0.0006309573444801936,
      0.0007943282347242822,
      0.001,
      0.0012589254117941675,
      0.001584893192461114,
      0.0019952623149688807,
      0.002511886431509582,
      0.0031622776601683794,
      0.003981071705534973,
      0.005011872336272725,
      0.00630957344480193,
      0.00794328234724282,
      0.01
    ],
    "per_dir": {
      "delta_g": {
        "c": 29.781978972805163,
        "d": 164.2607876870071,
        "eps_cross": 0.3626182412999702,
        "m_pred": 1,
        "kl_slope": 2.015105262583695,
        "bhatt_slope": 2.014841049879563,
        "chernoff_slope": 2.014841102395446,
        "kl": [
          7.728830007168186e-08,
          1.2257839581221098e-07,
          1.9444271113859897e-07,
          3.085083635722695e-07,
          4.896264346453158e-07,
          7.773505726437122e-07,
          1.2347034625188867e-06,
          1.9622377359205654e-06,
          3.120655325914909e-06,
          4.967326584975553e-06,
          7.915512769861478e-06,
          1.2630925783381894e-05,
          2.0190193195256737e-05,
          3.234294898561199e-05
        ],
        "bhatt": [
          1.9321201947843744e-08,
          3.06428551523574e-08,
          4.8607193928049946e-08,
          7.712012832941686e-08,
          1.2239268796356195e-07,
          1.9430979588368157e-07,
          3.086201222463077e-07,
          4.904477562366301e-07,
          7.799398587682236e-07,
          1.2413818722915267e-06,
          1.977973484631471e-06,
          3.1559079002373674e-06,
          5.043863263206547e-06,
          8.078266592627395e-06
        ],
        "chernoff_star": [
          1.9321201984040638e-08,
          3.064285510105367e-08,
          4.860719413091561e-08,
          7.712012854089219e-08,
          1.223926881933476e-07,
          1.9430979673490987e-07,
          3.086201248219231e-07,
          4.904477628101724e-07,
          7.799398751784926e-07,
          1.2413819127212427e-06,
          1.9779735881359105e-06,
          3.1559081634936286e-06,
          5.04386393519136e-06,
          8.078268316160512e-06
        ],
        "coef_pred": 0.3068692167228398,
        "coef_meas": 0.3076902645842689,
        "coef_ratio": 1.0026755628022823
      },
      "delta_o": {
        "c": 1.9984014443252818e-15,
        "d": 137.43340529980347,
        "eps_cross": 2.908174238957229e-17,
        "m_pred": 2,
        "kl_slope": 3.999989673242098,
        "bhatt_slope": 3.9999845097323012,
        "chernoff_slope": 3.9934978514648614,
        "kl": [
          1.0307914268695468e-13,
          2.589230839902e-13,
          6.50385318818519e-13,
          1.6336938071134736e-12,
          4.103652309705345e-12,
          1.0307904585666278e-11,
          2.589226986036424e-11,
          6.503837842037313e-11,
          1.6336876978114468e-10,
          4.103627988913843e-10,
          1.0307807764254724e-09,
          2.5891884410636524e-09,
          6.503684393640439e-09,
          1.6336266101072425e-08
        ],
        "bhatt": [
          2.5769784343079812e-14,
          6.473076564196912e-14,
          1.625963084125872e-13,
          4.084233670320603e-13,
          1.0259127396827018e-12,
          2.576974801733568e-12,
          6.473062111707176e-12,
          1.6259573292172687e-11,
          4.084210759720837e-11,
          1.0259036193718431e-10,
          2.5769384937075766e-10,
          6.472917568370302e-10,
          1.6258997863910478e-09,
          4.083981682870136e-09
        ],
        "chernoff_star": [
          2.694769412331259e-14,
          6.48378084699081e-14,
          1.635615511281179e-13,
          4.095859288925126e-13,
          1.027142087736889e-12,
          2.578109249665565e-12,
          6.4739109207766415e-12,
          1.626059700469162e-11,
          4.084317143310891e-11,
          1.0259107817376554e-10,
          2.5769496742497246e-10,
          6.472926801473061e-10,
          1.6259006990709543e-09,
          4.0839818115734044e-09
        ],
        "coef_pred": 1.6336944856668603,
        "coef_meas": 1.6336943152928194,
        "coef_ratio": 0.9999998957124221
      },
      "delta_n": {
        "c": -3.0655730946145283e-06,
        "d": 44.194761648404594,
        "eps_cross": 1.387301562571135e-07,
        "m_pred": 2,
        "kl_slope": 4.0001554863778805,
        "bhatt_slope": 4.000153826081192,
        "chernoff_slope": 3.9462637920621026,
        "kl": [
          1.0653378182546801e-14,
          2.6763123451250075e-14,
          6.723200616594429e-14,
          1.688912905798354e-13,
          4.242599209590026e-13,
          1.0657409196312024e-12,
          2.6771160282238677e-12,
          6.724801677416024e-12,
          1.6892313539103503e-11,
          4.243230576350183e-11,
          1.0658652897274652e-10,
          2.677357788878275e-10,
          6.725258605860762e-10,
          1.6893123909975053e-09
        ],
        "bhatt": [
          2.663344500555357e-15,
          6.690780678196146e-15,
          1.680800083166171e-14,
          4.222281984123016e-14,
          1.0606496900891268e-13,
          2.6643518520902825e-13,
          6.692788290979843e-13,
          1.6811997106223485e-12,
          4.223075563729336e-12,
          1.060806520912924e-11,
          2.664658752959782e-11,
          6.693376670908255e-11,
          1.6813075646627904e-10,
          4.223252764308598e-10
        ],
        "chernoff_star": [
          3.671397802949853e-15,
          7.353944103624981e-15,
          1.717338318460112e-14,
          4.33659140667638e-14,
          1.0720102244305788e-13,
          2.6643109615499384e-13,
          6.70100831854379e-13,
          1.6817775981756333e-12,
          4.224290481908905e-12,
          1.0608205110636228e-11,
          2.664655807482779e-11,
          6.693478995231876e-11,
          1.6813167500164488e-10,
          4.223264257246026e-10
        ],
        "coef_pred": 0.16893818350223294,
        "coef_meas": 0.16884466558232145,
        "coef_ratio": 0.999446437045949
      }
    },
    "crossover": {
      "c": 0.6871670264990182,
      "d": 137.50842594500375,
      "eps_cross_pred": 0.009994544287400242,