{
  "note": "T3 aperture law: cov response vs scene freq for 3 grain sizes; edge ~ min(k_p+k_w, Nyquist=32). grain is illumination-diffraction-limited to the fine regime here, so the aperture stays wide.",
  "kp": 5,
  "z1_mm": 10,
  "eps": 0.05,
  "n_bank": 300,
  "M": 24,
  "nyquist": 32,
  "curves": [
    {
      "l_c_um": 15.0,
      "z2_mm": 1.0,
      "grain_um": 8.0,
      "k_w_mapped": 32.0,
      "edge_pred_kp_plus_kw": 32.0,
      "edge_measured": 28,
      "ks": [
        0,
        1,
        2,
        3,
        4,
        5,
        6,
        7,
        8,
        9,
        10,
        11,
        12,
        13,
        14,
        15,
        16,
        17,
        18,
        19,
        20,
        21,
        22,
        23,
        24,
        25,
        26,
        27,
        28
      ],
      "response": [
        52683.726562,
        2348.013672,
        2805.929443,
        3650.302246,
        4417.092285,
        5429.427734,
        6352.52832,
        7102.134766,
        8165.282715,
        8463.582031,
        10617.379883,
        11253.911133,
        11650.704102,
        11835.177734,
        11058.456055,
        9513.451172,
        9759.047852,
        10685.381836,
        12989.491211,
        12162.710938,
        6718.726562,
        7764.747559,
        7757.992676,
        9983.107422,
        8658.636719,
        7957.318848,
        7718.638184,
        6494.486816,
        6627.020508
      ],
      "plateau": 3730.153076,
      "edge_measured_40pct": 27
    },
    {
      "l_c_um": 60.0,
      "z2_mm": 1.0,
      "grain_um": 48.0,
      "k_w_mapped": 32.0,
      "edge_pred_kp_plus_kw": 32.0,
      "edge_measured": 28,
      "ks": [
        0,
        1,
        2,
        3,
        4,
        5,
        6,
        7,
        8,
        9,
        10,
        11,
        12,
        13,
        14,
        15,
        16,
        17,
        18,
        19,
        20,
        21,
        22,
        23,
        24,
        25,
        26,
        27,
        28
      ],
      "response": [
        54041.671875,
        3125.280518,
        4312.328125,
        7566.02002,
        8116.020996,
        10992.744141,
        13694.920898,
        14935.208984,
        20722.408203,
        19534.707031,
        21432.400391,
        21102.443359,
        21734.738281,
        22397.384766,
        15120.083984,
        14071.848633,
        10756.827148,
        13407.62207,
        12852.508789,
        13268.680664,
        6550.458496,
        7577.621094,
        7485.95752,
        8907.302734,
        7563.191895,
        7549.063477,
        6947.822266,
        5688.161621,
        6748.898926
      ],
      "plateau": 6822.47876,
      "edge_measured_40pct": 20
    },
    {
      "l_c_um": 120.0,
      "z2_mm": 3.0,
      "grain_um": 96.0,
      "k_w_mapped": 21.33,
      "edge_pred_kp_plus_kw": 26.33,
      "edge_measured": 28,
      "ks": [
        0,
        1,
        2,
        3,
        4,
        5,
        6,
        7,
        8,
        9,
        10,
        11,
        12,
        13,
        14,
        15,
        16,
        17,
        18,
        19,
        20,
        21,
        22,
        23,
        24,
        25,
        26,
        27,
        28
      ],
      "response": [
        54533.496094,
        7139.483398,
        11091.861328,
        15051.707031,
        17615.800781,
        20842.335938,
        23898.613281,
        29507.650391,
        28575.984375,
        29203.0625,
        15327.695312,
        21948.384766,
        18204.761719,
        14882.037109,
        8093.534668,
        6407.933105,
        4943.458008,
        6584.397461,
        9004.024414,
        6873.060059,
        2685.772949,
        3360.554932,
        3419.775391,
        4801.11084,
        4376.430176,
        4551.85791,
        3871.085938,
        2158.491211,
        3205.908936
      ],
      "plateau": 14348.237695,
      "edge_measured_40pct": 13
    }
  ]
}